ï..UniqueID,Yearplanted.x,RowTree,Current.name,TaxonoriginalDN,Section,Collector,Population,FieldID,Regeneration.Strategy,AICorrected,MAT,MAP,Drought2019Scale.mean,Drought2019Scale.sd,Drought2019Scale.l,Drought2020Scale.mean,Drought2020Scale.sd,Drought2020Scale.l,AridityClass,Sampled.ANU,Threatened.NSW
NA,1993,R029/T06,Eucalyptus flindersii,Eucalyptus flindersii,Exsertaria,-,"Devils Peak, SA",,Lignotuber,0.1907,16.23333,432,0,NA,NA,0.5,NA,NA,Arid,,
NA,1993,R029/T07,Eucalyptus flindersii,Eucalyptus flindersii,Exsertaria,-,"Devils Peak, SA",,Lignotuber,0.1907,16.23333,432,0,NA,NA,0.5,NA,NA,Arid,,
NA,1993,R029/T09,Eucalyptus flindersii,Eucalyptus flindersii,Exsertaria,-,"Devils Peak, SA",,Lignotuber,0.1907,16.23333,432,0,NA,NA,0.5,NA,NA,Arid,,
545,1994,R039/T09,Eucalyptus lucasii,Eucalyptus lucasii,Adnataria,D.Nicolle,"Wiluna, WA",CCA0499,Lignotuber,0.0911,21.86667,275,0,0,4,0,0,4,Arid,,
545,1994,R039/T11,Eucalyptus lucasii,Eucalyptus lucasii,Adnataria,D.Nicolle,"Wiluna, WA",CCA0501,Lignotuber,0.0911,21.86667,275,0,0,4,0,0,4,Arid,,
545,1994,R039/T12,Eucalyptus lucasii,Eucalyptus lucasii,Adnataria,D.Nicolle,"Wiluna, WA",CCA0502,Lignotuber,0.0911,21.86667,275,0,0,4,0,0,4,Arid,,
482,1994,R040/T12,Eucalyptus porosa,Eucalyptus porosa,Adnataria,D.Nicolle,"Mt Wudinna, SA",CCA0525,Combination,0.1605,16.8875,334,0,0,4,0,0,4,Arid,,
482,1994,R040/T12,Eucalyptus porosa,Eucalyptus porosa,Adnataria,D.Nicolle,"Mt Wudinna, SA",CCA0525,Combination,0.1605,16.8875,334,0,0,4,0,0,4,Arid,x,
482,1994,R040/T14,Eucalyptus porosa,Eucalyptus porosa,Adnataria,D.Nicolle,"Mt Wudinna, SA",CCA0527,Combination,0.1605,16.8875,334,0,0,4,0,0,4,Arid,,
482,1994,R040/T15,Eucalyptus porosa,Eucalyptus porosa,Adnataria,D.Nicolle,"Mt Wudinna, SA",CCA0528,Combination,0.1605,16.8875,334,0,0,4,0,0,4,Arid,,
427,1994,R042/T08,Eucalyptus sparsa,Eucalyptus sparsa,Adnataria,D.Nicolle,"Everard Ranges, SA",CCA0572,Lignotuber,0.0956,19.7625,276,0,0,4,0,0,4,Arid,x,
427,1994,R042/T10,Eucalyptus sparsa,Eucalyptus sparsa,Adnataria,D.Nicolle,"Everard Ranges, SA",CCA0573,Lignotuber,0.0956,19.7625,276,0,0,4,0,0,4,Arid,,
427,1994,R042/T11,Eucalyptus sparsa,Eucalyptus sparsa,Adnataria,D.Nicolle,"Everard Ranges, SA",CCA0574,Lignotuber,0.0956,19.7625,276,0,0,4,0,0,4,Arid,,
423,1994,R045/T14,Eucalyptus intertexta,Eucalyptus intertexta,Adnataria,D.Nicolle,"Everard Ranges, SA",CCA0651,Combination,0.0934,19.89167,274,0,0,4,0,0,4,Arid,,
423,1994,R045/T15,Eucalyptus intertexta,Eucalyptus intertexta,Adnataria,D.Nicolle,"Everard Ranges, SA",CCA0652,Combination,0.0934,19.89167,274,0,0,4,0,0,4,Arid,,
423,1994,R045/T16,Eucalyptus intertexta,Eucalyptus intertexta,Adnataria,D.Nicolle,"Everard Ranges, SA",CCA0653,Combination,0.0934,19.89167,274,0,0,4,0,0,4,Arid,,
742,1994,R046/T36,Eucalyptus polyanthemos subsp. polyanthemos,Eucalyptus polyanthemos subsp. polyanthemos,Adnataria,,"Rylstone, NSW",,Combination,0.4899,14.15833,760,0,NA,NA,0,NA,NA,Semiarid,x,
747,1994,R047/T05,Eucalyptus conica,Eucalyptus conica,Adnataria,D.Nicolle,"Bylong, NSW",CCA0677,Combination,0.3791,16.7875,653,0.75,0.5,4,1,0,4,Semiarid,x,
747,1994,R047/T06,Eucalyptus conica,Eucalyptus conica,Adnataria,D.Nicolle,"Bylong, NSW",CCA0678,Combination,0.3791,16.7875,653,0.75,0.5,4,1,0,4,Semiarid,,
747,1994,R047/T07,Eucalyptus conica x E. microcarpa,Eucalyptus conica,Adnataria,D.Nicolle,"Bylong, NSW",CCA0680,Combination,0.3791,16.7875,653,0.75,0.5,4,1,0,4,Semiarid,,
747,1994,R047/T08,Eucalyptus conica,Eucalyptus conica,Adnataria,D.Nicolle,"Bylong, NSW",CCA0679,Combination,0.3791,16.7875,653,0.75,0.5,4,1,0,4,Semiarid,,
743,1994,R047/T19,Eucalyptus dawsonii,Eucalyptus dawsonii,Adnataria,D.Nicolle,"Ginghi, NSW",CCA0687,Combination,0.4369,15.21667,695,0.5,0.577350269,4,0.25,0.5,4,Semiarid,x,
743,1994,R047/T20,Eucalyptus dawsonii,Eucalyptus dawsonii,Adnataria,D.Nicolle,"Ginghi, NSW",CCA0688,Combination,0.4369,15.21667,695,0.5,0.577350269,4,0.25,0.5,4,Semiarid,,
743,1994,R047/T21,Eucalyptus dawsonii,Eucalyptus dawsonii,Adnataria,D.Nicolle,"Ginghi, NSW",CCA0689,Combination,0.4369,15.21667,695,0.5,0.577350269,4,0.25,0.5,4,Semiarid,,
777,1994,R048/T13,Eucalyptus melliodora,Eucalyptus melliodora,Adnataria,D.Nicolle,"Rylstone, NSW",CCA0704,Combination,0.4644,14.475,734,0.5,0.577350269,4,0.5,0.577350269,4,Semiarid,x,
777,1994,R048/T14,Eucalyptus melliodora,Eucalyptus melliodora,Adnataria,D.Nicolle,"Rylstone, NSW",CCA0705,Combination,0.4644,14.475,734,0.5,0.577350269,4,0.5,0.577350269,4,Semiarid,x,
777,1994,R048/T15,Eucalyptus melliodora,Eucalyptus melliodora,Adnataria,D.Nicolle,"Rylstone, NSW",CCA0706,Combination,0.4644,14.475,734,0.5,0.577350269,4,0.5,0.577350269,4,Semiarid,x,
746,1994,R048/T18,Eucalyptus caleyi subsp. caleyi,Eucalyptus caleyi subsp. caleyi,Adnataria,,"Bylong, NSW",,Combination,0.3752,16.875,648,0,NA,NA,0,NA,NA,Semiarid,,
746,1994,R048/T19,Eucalyptus caleyi subsp. caleyi,Eucalyptus caleyi subsp. caleyi,Adnataria,,"Bylong, NSW",,Combination,0.3752,16.875,648,0,NA,NA,0,NA,NA,Semiarid,,
736,1994,R048/T22,Eucalyptus polybractea,Eucalyptus polybractea,Adnataria,D.Nicolle,"West Wyalong, NSW",CCA0713,Lignotuber,0.266,16.42917,508,0,0,4,0,0,4,Semiarid,,
736,1994,R048/T23,Eucalyptus polybractea,Eucalyptus polybractea,Adnataria,D.Nicolle,"West Wyalong, NSW",CCA0714,Lignotuber,0.266,16.42917,508,0,0,4,0,0,4,Semiarid,,
736,1994,R048/T24,Eucalyptus polybractea,Eucalyptus polybractea,Adnataria,D.Nicolle,"West Wyalong, NSW",CCA0715,Lignotuber,0.266,16.42917,508,0,0,4,0,0,4,Semiarid,,
751,1994,R048/T25,Eucalyptus dwyeri,Eucalyptus dwyeri,Exsertaria,D.Nicolle,"Wollar, NSW",,Uncertain,0.3934,16.08333,662,0,NA,NA,0,NA,NA,Semiarid,,
751,1994,R048/T26,Eucalyptus dwyeri,Eucalyptus dwyeri,Exsertaria,D.Nicolle,"Wollar, NSW",,Uncertain,0.3934,16.08333,662,0,NA,NA,0,NA,NA,Semiarid,,
751,1994,R048/T27,Eucalyptus dwyeri,Eucalyptus dwyeri,Exsertaria,D.Nicolle,"Wollar, NSW",,Uncertain,0.3934,16.08333,662,0,NA,NA,0,NA,NA,Semiarid,,
690,1994,R049/T01,Eucalyptus viridis,Eucalyptus viridis,Adnataria,,"Hermidale, NSW",,Lignotuber,0.1985,18.2875,415,0,NA,NA,0,NA,NA,Arid,,
690,1994,R049/T02,Eucalyptus viridis,Eucalyptus viridis,Adnataria,,"Hermidale, NSW",,Lignotuber,0.1985,18.2875,415,0,NA,NA,0,NA,NA,Arid,,
690,1994,R049/T03,Eucalyptus viridis,Eucalyptus viridis,Adnataria,,"Hermidale, NSW",,Lignotuber,0.1985,18.2875,415,0,NA,NA,0,NA,NA,Arid,,
681,1994,R049/T05,Eucalyptus woollsiana,Eucalyptus woollsiana (E. pilligaensis),Adnataria,D.Nicolle,"Kogan, Qld",CCA0732,Combination,0.31,19.1125,612,0,0,4,0,0,4,Semiarid,,
681,1994,R049/T06,Eucalyptus woollsiana,Eucalyptus woollsiana (E. pilligaensis),Adnataria,D.Nicolle,"Kogan, Qld",CCA0733,Combination,0.31,19.1125,612,0,0,4,0,0,4,Semiarid,x,
681,1994,R049/T08,Eucalyptus woollsiana,Eucalyptus woollsiana (E. pilligaensis),Adnataria,D.Nicolle,"Kogan, Qld",CCA0735,Combination,0.31,19.1125,612,0,0,4,0,0,4,Semiarid,,
730,1994,R049/T15,Eucalyptus morrisii,Eucalyptus morrisii,Exsertaria,D.Nicolle,"Mt Boppy, NSW",,Lignotuber,0.1971,18.00833,408,0,NA,NA,0,NA,NA,Arid,,
690,1994,R049/T17,Eucalyptus melanophloia subsp. melanophloia,Eucalyptus melanophloia subsp. melanophloia,Adnataria,,"Wandoan, Qld",,Combination,0.3006,20.15833,626,0,NA,1,0,NA,NA,Semiarid,x,
713,1994,R049/T20,Eucalyptus tereticornis subsp. tereticornis,Eucalyptus tereticornis subsp. tereticornis,Exsertaria,D.Nicolle,"Bororen, Qld",CCA0746,Combination,0.5833,21.95,1102,2,0,4,1.75,0.5,4,DrySubhumid,,
713,1994,R049/T21,Eucalyptus tereticornis subsp. tereticornis,Eucalyptus tereticornis subsp. tereticornis,Exsertaria,D.Nicolle,"Bororen, Qld",CCA0747,Combination,0.5833,21.95,1102,2,0,4,1.75,0.5,4,DrySubhumid,,
713,1994,R049/T23,Eucalyptus tereticornis subsp. tereticornis,Eucalyptus tereticornis subsp. tereticornis,Exsertaria,D.Nicolle,"Bororen, Qld",CCA0749,Combination,0.5833,21.95,1102,2,0,4,1.75,0.5,4,DrySubhumid,,
712,1994,R049/T24,Eucalyptus moluccana,Eucalyptus moluccana,Adnataria,D.Nicolle,"Gladstone, Qld",CCA0750,Combination,0.4318,22.05833,872,0.5,0.577350269,4,0,0,4,Semiarid,,
712,1994,R049/T25,Eucalyptus moluccana,Eucalyptus moluccana,Adnataria,D.Nicolle,"Gladstone, Qld",CCA0751,Combination,0.4318,22.05833,872,0.5,0.577350269,4,0,0,4,Semiarid,x,
712,1994,R049/T26,Eucalyptus moluccana,Eucalyptus moluccana,Adnataria,D.Nicolle,"Gladstone, Qld",CCA0752,Combination,0.4318,22.05833,872,0.5,0.577350269,4,0,0,4,Semiarid,,
722,1994,R050/T01,Eucalyptus blakelyi,Eucalyptus blakelyi,Exsertaria,D.Nicolle,"Inverell, NSW",CCA0758,Combination,0.5571,14.19583,886,0,0,4,0.333333333,0.577350269,4,DrySubhumid,,
722,1994,R050/T03,Eucalyptus blakelyi,Eucalyptus blakelyi,Exsertaria,D.Nicolle,"Inverell, NSW",CCA0759,Combination,0.5571,14.19583,886,0,0,4,0.333333333,0.577350269,4,DrySubhumid,,
722,1994,R050/T04,Eucalyptus blakelyi,Eucalyptus blakelyi,Exsertaria,D.Nicolle,"Inverell, NSW",CCA0760,Combination,0.5571,14.19583,886,0,0,4,0.333333333,0.577350269,4,DrySubhumid,,
723,1994,R050/T06,Eucalyptus dealbata,Eucalyptus dealbata,Exsertaria,D.Nicolle,"Inverell, NSW",,Uncertain,0.4153,16.67083,765,0.75,NA,NA,0.75,NA,NA,Semiarid,,
724,1994,R050/T09,Eucalyptus dealbata,Eucalyptus dealbata,Exsertaria,D.Nicolle,"Nandewar Range, NSW",,Uncertain,0.4164,16.0375,753,0.666666667,NA,NA,0.333333333,NA,NA,Semiarid,,
724,1994,R050/T11,Eucalyptus dealbata,Eucalyptus dealbata,Exsertaria,D.Nicolle,"Nandewar Range, NSW",,Uncertain,0.4164,16.0375,753,0.666666667,NA,NA,0.333333333,NA,NA,Semiarid,,
666,1994,R050/T13,Eucalyptus crebra,Eucalyptus fibrosa,Adnataria,,"Flora Range, Qld",,Combination,0.6368,18.67083,1085,0,NA,NA,1,NA,NA,DrySubhumid,x,
666,1994,R050/T15,Eucalyptus crebra,Eucalyptus fibrosa,Adnataria,,"Flora Range, Qld",,Combination,0.6368,18.67083,1085,0,NA,NA,1,NA,NA,DrySubhumid,,
666,1994,R050/T16,Eucalyptus crebra,Eucalyptus fibrosa,Adnataria,,"Flora Range, Qld",,Combination,0.6368,18.67083,1085,0,NA,NA,1,NA,NA,DrySubhumid,,
720,1994,R050/T21,Eucalyptus kabiana,Eucalyptus kabiana,Exsertaria,,"Mt Beerwah, Qld",,Lignotuber,0.6827,13.44583321,886,0.25,NA,NA,0.5,NA,NA,Humid,,
720,1994,R050/T22,Eucalyptus kabiana,Eucalyptus kabiana,Exsertaria,,"Mt Beerwah, Qld",,Lignotuber,0.6827,13.44583321,886,0.25,NA,NA,0.5,NA,NA,Humid,,
720,1994,R050/T23,Eucalyptus kabiana,Eucalyptus kabiana,Exsertaria,,"Mt Beerwah, Qld",,Lignotuber,0.6827,13.44583321,886,0.25,NA,NA,0.5,NA,NA,Humid,,
680,1994,R051/T01,Eucalyptus elegans,Eucalyptus elegans,Adnataria,D.Nicolle,"Kogan, Qld",,Combination,0.3167,19.06667,616,0,NA,NA,0,NA,NA,Semiarid,,
680,1994,R051/T03,Eucalyptus elegans,Eucalyptus elegans,Adnataria,D.Nicolle,"Kogan, Qld",,Combination,0.3167,19.06667,616,0,NA,NA,0,NA,NA,Semiarid,,
680,1994,R051/T04,Eucalyptus elegans,Eucalyptus elegans,Adnataria,D.Nicolle,"Kogan, Qld",,Combination,0.3167,19.06667,616,0,NA,NA,0,NA,NA,Semiarid,,
686,1994,R051/T05,Eucalyptus argophloia,Eucalyptus argophloia,Adnataria,D.Nicolle,"Burncluith, Qld",,Combination,0.3121,19.59583,631,0,NA,NA,0,NA,NA,Semiarid,,
686,1994,R051/T06,Eucalyptus argophloia,Eucalyptus argophloia,Adnataria,D.Nicolle,"Burncluith, Qld",,Combination,0.3121,19.59583,631,0,NA,NA,0,NA,NA,Semiarid,,
686,1994,R051/T07,Eucalyptus argophloia,Eucalyptus argophloia,Adnataria,D.Nicolle,"Burncluith, Qld",,Combination,0.3121,19.59583,631,0,NA,NA,0,NA,NA,Semiarid,,
671,1994,R052/T01,Eucalyptus prava,Eucalyptus prava,Exsertaria,D.Nicolle,"Mt Norman, Qld",CCA0800,Combination,0.6147,18.91666603,921,1.333333333,NA,3,2,NA,3,DrySubhumid,,
671,1994,R052/T04,Eucalyptus prava,Eucalyptus prava,Exsertaria,D.Nicolle,"Mt Norman, Qld",,Combination,0.6147,18.91666603,921,1.333333333,NA,3,2,NA,3,DrySubhumid,,
668,1994,R052/T06,Eucalyptus amplifolia subsp. sessiliflora,Eucalyptus amplifolia subsp. sessiliflora,Exsertaria,D.Nicolle,"Tenterfield, NSW",CCA0804,Combination,0.5714,14.7,882,1.5,1.732050808,4,0.666666667,0.577350269,4,DrySubhumid,,
668,1994,R052/T07,Eucalyptus amplifolia subsp. sessiliflora,Eucalyptus amplifolia subsp. sessiliflora,Exsertaria,D.Nicolle,"Tenterfield, NSW",CCA0805,Combination,0.5714,14.7,882,1.5,1.732050808,4,0.666666667,0.577350269,4,DrySubhumid,,
668,1994,R052/T08,Eucalyptus amplifolia subsp. sessiliflora,Eucalyptus amplifolia subsp. sessiliflora,Exsertaria,D.Nicolle,"Tenterfield, NSW",CCA0806,Combination,0.5714,14.7,882,1.5,1.732050808,4,0.666666667,0.577350269,4,DrySubhumid,,
674,1994,R052/T09,Eucalyptus sideroxylon,Eucalyptus sideroxylon,Adnataria,D.Nicolle,"Wallangarra, Qld",CCA0807,Combination,0.5225,15.20833,841,0,0,4,0,0,4,DrySubhumid,,
674,1994,R052/T10,Eucalyptus sideroxylon,Eucalyptus sideroxylon,Adnataria,D.Nicolle,"Wallangarra, Qld",CCA0808,Combination,0.5225,15.20833,841,0,0,4,0,0,4,DrySubhumid,x,
674,1994,R052/T12,Eucalyptus sideroxylon,Eucalyptus sideroxylon,Adnataria,D.Nicolle,"Wallangarra, Qld",CCA0810,Combination,0.5225,15.20833,841,0,0,4,0,0,4,DrySubhumid,,
685,1994,R053/T05,EucalyptusÂ fibrosaÂ subsp.Â nubilis,Eucalyptus nubilis,Adnataria,D.Nicolle,"Tara, Qld",,Combination,0.3134,18.95417,615,0.333333333,NA,NA,0.5,NA,NA,Semiarid,,
685,1994,R053/T06,EucalyptusÂ fibrosaÂ subsp.Â nubilis,Eucalyptus nubilis,Adnataria,D.Nicolle,"Tara, Qld",,Combination,0.3134,18.95417,615,0.333333333,NA,NA,0.5,NA,NA,Semiarid,,
685,1994,R053/T08,EucalyptusÂ fibrosaÂ subsp.Â nubilis,Eucalyptus nubilis,Adnataria,D.Nicolle,"Tara, Qld",,Combination,0.3134,18.95417,615,0.333333333,NA,NA,0.5,NA,NA,Semiarid,,
639,1994,R053/T09,Eucalyptus paniculata,Eucalyptus paniculata (subsp. matutina),Adnataria,D.Nicolle,"Nelson Bay, NSW",CCA0827,Combination,0.818,18.075,1301,0,0,4,0.25,0.5,4,Humid,,
639,1994,R053/T10,Eucalyptus paniculata,Eucalyptus paniculata (subsp. matutina),Adnataria,D.Nicolle,"Nelson Bay, NSW",CCA0828,Combination,0.818,18.075,1301,0,0,4,0.25,0.5,4,Humid,,
639,1994,R053/T11,Eucalyptus paniculata,Eucalyptus paniculata (subsp. matutina),Adnataria,D.Nicolle,"Nelson Bay, NSW",CCA0829,Combination,0.818,18.075,1301,0,0,4,0.25,0.5,4,Humid,,
604,1994,R053/T17,Eucalyptus amplifolia subsp. amplifolia,Eucalyptus amplifolia subsp. amplifolia,Exsertaria,D.Nicolle,"Nerriga, NSW",CCA0833,Combination,0.6038,13.0625,825,0.5,0.577350269,4,1.5,0.577350269,4,DrySubhumid,,
604,1994,R053/T18,Eucalyptus amplifolia subsp. amplifolia,Eucalyptus amplifolia subsp. amplifolia,Exsertaria,D.Nicolle,"Nerriga, NSW",CCA0834,Combination,0.6038,13.0625,825,0.5,0.577350269,4,1.5,0.577350269,4,DrySubhumid,,
604,1994,R053/T19,Eucalyptus amplifolia subsp. amplifolia,Eucalyptus amplifolia subsp. amplifolia,Exsertaria,D.Nicolle,"Nerriga, NSW",CCA0835,Combination,0.6038,13.0625,825,0.5,0.577350269,4,1.5,0.577350269,4,DrySubhumid,,
689,1994,R053/T25,Eucalyptus dura,Eucalyptus dura,Adnataria,D.Nicolle,"Barakula State Forest, Qld",CCA0841,Combination,0.3478,18.45833,652,0,0,4,0,0,4,Semiarid,,
689,1994,R053/T26,Eucalyptus dura,Eucalyptus dura,Adnataria,D.Nicolle,"Barakula State Forest, Qld",CCA0842,Combination,0.3478,18.45833,652,0,0,4,0,0,4,Semiarid,,
689,1994,R053/T27,Eucalyptus dura,Eucalyptus dura,Adnataria,D.Nicolle,"Barakula State Forest, Qld",CCA0843,Combination,0.3478,18.45833,652,0,0,4,0,0,4,Semiarid,,
683,1994,R053/T33,Eucalyptus panda,Eucalyptus panda,Adnataria,D.Nicolle,"Tara, Qld",,Combination,0.3159,18.8625,620,0,NA,NA,0.333333333,NA,NA,Semiarid,,
683,1994,R053/T33,Eucalyptus panda,Eucalyptus panda,Adnataria,,"Pokolbin, NSW",,Lignotuber,0.4952,17.32917,804,0,NA,NA,0.333333333,NA,NA,Semiarid,,X
683,1994,R053/T35,Eucalyptus panda,Eucalyptus panda,Adnataria,D.Nicolle,"Tara, Qld",,Combination,0.3159,18.8625,620,0,NA,NA,0.333333333,NA,NA,Semiarid,,
683,1994,R053/T36,Eucalyptus panda,Eucalyptus panda,Adnataria,D.Nicolle,"Tara, Qld",,Combination,0.3159,18.8625,620,0,NA,NA,0.333333333,NA,NA,Semiarid,,
717,1994,R054/T13,Eucalyptus siderophloia,Eucalyptus siderophloia,Adnataria,D.Nicolle,"Gympie, Qld",,Combination,0.6024,20.4,1103,1,NA,NA,0.5,NA,NA,DrySubhumid,,
717,1994,R054/T14,Eucalyptus siderophloia,Eucalyptus siderophloia,Adnataria,D.Nicolle,"Gympie, Qld",,Combination,0.6024,20.4,1103,1,NA,NA,0.5,NA,NA,DrySubhumid,,
717,1994,R054/T15,Eucalyptus siderophloia,Eucalyptus siderophloia,Adnataria,D.Nicolle,"Gympie, Qld",,Combination,0.6024,20.4,1103,1,NA,NA,0.5,NA,NA,DrySubhumid,,
697,1994,R054/T16,Eucalyptus cambageana,Eucalyptus cambageana,Adnataria,D.Nicolle,"Moura, Qld",CCA0859,Combination,0.3047,21.41667,634,0,0,4,0,0,4,Semiarid,,
697,1994,R054/T18,Eucalyptus cambageana,Eucalyptus cambageana,Adnataria,D.Nicolle,"Moura, Qld",CCA0860,Combination,0.3047,21.41667,634,0,0,4,0,0,4,Semiarid,,
697,1994,R054/T19,Eucalyptus cambageana,Eucalyptus cambageana,Adnataria,D.Nicolle,"Moura, Qld",CCA0861,Combination,0.3047,21.41667,634,0,0,4,0,0,4,Semiarid,,
698,1994,R054/T21,Eucalyptus orgadophila,Eucalyptus orgadophila,Adnataria,D.Nicolle,"Rolleston, Qld",CCA0863,Combination,0.2951,21.19583,634,0.25,0.5,4,0.25,0.5,4,Semiarid,,
698,1994,R054/T22,Eucalyptus orgadophila,Eucalyptus orgadophila,Adnataria,D.Nicolle,"Rolleston, Qld",CCA0864,Combination,0.2951,21.19583,634,0.25,0.5,4,0.25,0.5,4,Semiarid,,
698,1994,R054/T23,Eucalyptus orgadophila,Eucalyptus orgadophila,Adnataria,D.Nicolle,"Rolleston, Qld",CCA0865,Combination,0.2951,21.19583,634,0.25,0.5,4,0.25,0.5,4,Semiarid,,
641,1994,R056/T08,Eucalyptus parramattensis subsp. decadens,Eucalyptus parramattensis subsp. decadens,Exsertaria,D.Nicolle,"Williamstown, NSW",CCA0895,Combination,0.7309,17.77917,1165,1,0,4,1.666666667,1.154700538,4,DrySubhumid,,X
641,1994,R056/T09,Eucalyptus parramattensis subsp. decadens,Eucalyptus parramattensis subsp. decadens,Exsertaria,D.Nicolle,"Williamstown, NSW",CCA0896,Combination,0.7309,17.77917,1165,1,0,4,1.666666667,1.154700538,4,DrySubhumid,,X
641,1994,R056/T10,Eucalyptus parramattensis subsp. decadens,Eucalyptus parramattensis subsp. decadens,Exsertaria,D.Nicolle,"Williamstown, NSW",CCA0897,Combination,0.7309,17.77917,1165,1,0,4,1.666666667,1.154700538,4,DrySubhumid,,X
716,1994,R058/T04,Eucalyptus hallii,Eucalyptus hallii,Exsertaria,D.Nicolle,"Goodwood, Qld",CCA0923,Combination,0.5469,21.225,1004,0,0,4,1,0,4,DrySubhumid,,
716,1994,R058/T05,Eucalyptus hallii,Eucalyptus hallii,Exsertaria,D.Nicolle,"Goodwood, Qld",CCA0924,Combination,0.5469,21.225,1004,0,0,4,1,0,4,DrySubhumid,,
716,1994,R058/T06,Eucalyptus hallii,Eucalyptus hallii,Exsertaria,D.Nicolle,"Goodwood, Qld",CCA0925,Combination,0.5469,21.225,1004,0,0,4,1,0,4,DrySubhumid,,
646,1994,R058/T12,Eucalyptus ancophila,Eucalyptus ancophila,Adnataria,D.Nicolle,"Eungai Creek, NSW",CCA0927,Combination,0.8463,18.475,1375,0.5,0.577350269,4,0.75,0.5,4,Humid,,
646,1994,R058/T14,Eucalyptus ancophila,Eucalyptus ancophila,Adnataria,D.Nicolle,"Eungai Creek, NSW",CCA0929,Combination,0.8463,18.475,1375,0.5,0.577350269,4,0.75,0.5,4,Humid,,
646,1994,R058/T15,Eucalyptus ancophila,Eucalyptus ancophila,Adnataria,D.Nicolle,"Eungai Creek, NSW",CCA0930,Combination,0.8463,18.475,1375,0.5,0.577350269,4,0.75,0.5,4,Humid,,
679,1994,R059/T12,Eucalyptus populnea subsp. populnea,Eucalyptus populnea subsp. populnea,Adnataria,D.Nicolle,"Kogan, Qld",CCA0940,Combination,0.3167,19.06667,616,1.5,0.577350269,4,0.25,0.5,4,Semiarid,,
679,1994,R059/T13,Eucalyptus populnea subsp. populnea,Eucalyptus populnea subsp. populnea,Adnataria,D.Nicolle,"Kogan, Qld",CCA0941,Combination,0.3167,19.06667,616,1.5,0.577350269,4,0.25,0.5,4,Semiarid,x,
679,1994,R059/T15,Eucalyptus populnea subsp. populnea,Eucalyptus populnea subsp. populnea,Adnataria,D.Nicolle,"Kogan, Qld",CCA0943,Combination,0.3167,19.06667,616,1.5,0.577350269,4,0.25,0.5,4,Semiarid,,
728,1994,R060/T01,Eucalyptus vicina,Eucalyptus vicina,Exsertaria,D.Nicolle,"Hermidale, NSW",CCA0947,Lignotuber,0.2139,18.6875,452,0,0,4,0,0,4,Semiarid,,
728,1994,R060/T02,Eucalyptus vicina,Eucalyptus vicina,Exsertaria,D.Nicolle,"Hermidale, NSW",CCA0948,Lignotuber,0.2139,18.6875,452,0,0,4,0,0,4,Semiarid,,
728,1994,R060/T03,Eucalyptus vicina,Eucalyptus vicina,Exsertaria,D.Nicolle,"Hermidale, NSW",CCA0949,Lignotuber,0.2139,18.6875,452,0,0,4,0,0,4,Semiarid,,
667,1994,R060/T29,Eucalyptus interstans,Eucalyptus interstans,Exsertaria,D.Nicolle,"Drake, NSW",CCA0956,Combination,0.7162,16.77917,1149,1,1,4,2.333333333,0.577350269,4,DrySubhumid,,
667,1994,R060/T30,Eucalyptus interstans,Eucalyptus interstans,Exsertaria,D.Nicolle,"Drake, NSW",CCA0957,Combination,0.7162,16.77917,1149,1,1,4,2.333333333,0.577350269,4,DrySubhumid,,
667,1994,R060/T32,Eucalyptus interstans,Eucalyptus interstans,Exsertaria,D.Nicolle,"Drake, NSW",CCA0959,Combination,0.7162,16.77917,1149,1,1,4,2.333333333,0.577350269,4,DrySubhumid,,
645,1994,R061/T13,Eucalyptus fusiformis,Eucalyptus fusiformis,Adnataria,D.Nicolle,"Macksville, NSW",CCA0970,Combination,0.8575,18.2875,1379,1.25,0.5,4,1,0,4,Humid,,
645,1994,R061/T14,Eucalyptus fusiformis,Eucalyptus fusiformis,Adnataria,D.Nicolle,"Macksville, NSW",CCA0971,Combination,0.8575,18.2875,1379,1.25,0.5,4,1,0,4,Humid,x,
645,1994,R061/T15,Eucalyptus fusiformis,Eucalyptus fusiformis,Adnataria,D.Nicolle,"Macksville, NSW",CCA0972,Combination,0.8575,18.2875,1379,1.25,0.5,4,1,0,4,Humid,,
643,1994,R061/T29,Eucalyptus paniculata,Eucalyptus fergusonii subsp. fergusonii,Adnataria,D.Nicolle,"Bulahdelah, NSW",CCA0980,Combination,0.713,17.13333,1120,0,0,4,0.25,0.5,4,DrySubhumid,,
643,1994,R061/T30,Eucalyptus paniculata,Eucalyptus fergusonii subsp. fergusonii,Adnataria,D.Nicolle,"Bulahdelah, NSW",CCA0981,Combination,0.713,17.13333,1120,0,0,4,0.25,0.5,4,DrySubhumid,,
643,1994,R061/T31,Eucalyptus paniculata,Eucalyptus fergusonii subsp. fergusonii,Adnataria,D.Nicolle,"Bulahdelah, NSW",CCA0982,Combination,0.713,17.13333,1120,0,0,4,0.25,0.5,4,DrySubhumid,,
1178,1995,R063/T17,Eucalyptus victrix,Eucalyptus victrix,Adnataria,D.Nicolle,"Lake Macleod,  WA",,Combination,0.0847,23.37083244,243,0.5,NA,NA,0,NA,NA,Arid,,
1178,1995,R063/T18,Eucalyptus victrix,Eucalyptus victrix,Adnataria,D.Nicolle,"Lake Macleod,  WA",,Combination,0.0847,23.37083244,243,0.5,NA,NA,0,NA,NA,Arid,,
1178,1995,R063/T19,Eucalyptus victrix,Eucalyptus victrix,Adnataria,D.Nicolle,"Lake Macleod,  WA",,Combination,0.0847,23.37083244,243,0.5,NA,NA,0,NA,NA,Arid,,
1207,1995,R066/T19,Eucalyptus normantonensis,Eucalyptus normantonensis,Adnataria,D.Nicolle,"MacDonnell Ranges, NT",CCA1130,Lignotuber,0.1146,21.89166641,324,0,0,4,0,0,4,Arid,,
1207,1995,R066/T20,Eucalyptus normantonensis,Eucalyptus normantonensis,Adnataria,D.Nicolle,"MacDonnell Ranges, NT",CCA1131,Lignotuber,0.1146,21.89166641,324,0,0,4,0,0,4,Arid,,
1207,1995,R066/T21,Eucalyptus normantonensis,Eucalyptus normantonensis,Adnataria,D.Nicolle,"MacDonnell Ranges, NT",CCA1132,Lignotuber,0.1146,21.89166641,324,0,0,4,0,0,4,Arid,,
1206,1995,R066/T25,Eucalyptus camaldulensis subsp. arida,Eucalyptus camaldulensis subsp. arida,Exsertaria,D.Nicolle,"MacDonnell Ranges, NT",CCA1135,Combination,0.126,23.72083282,382,2.25,1.5,4,2,1.414213562,4,Arid,,
1206,1995,R066/T26,Eucalyptus camaldulensis subsp. arida,Eucalyptus camaldulensis subsp. arida,Exsertaria,D.Nicolle,"MacDonnell Ranges, NT",CCA1136,Combination,0.126,23.72083282,382,2.25,1.5,4,2,1.414213562,4,Arid,,
1206,1995,R066/T27,Eucalyptus camaldulensis subsp. arida,Eucalyptus camaldulensis subsp. arida,Exsertaria,D.Nicolle,"MacDonnell Ranges, NT",CCA1137,Combination,0.126,23.72083282,382,2.25,1.5,4,2,1.414213562,4,Arid,,
980,1995,R066/T29,Eucalyptus largiflorens,Eucalyptus largiflorens,Adnataria,D.Nicolle,"Wentworth, NSW",CCA1139,Combination,0.1374,17.65833,290,0.2,0.447213595,5,0,0,5,Arid,,
980,1995,R066/T32,Eucalyptus largiflorens,Eucalyptus largiflorens,Adnataria,D.Nicolle,"Wentworth, NSW",CCA1142,Combination,0.1374,17.65833,290,0.2,0.447213595,5,0,0,5,Arid,,
980,1995,R066/T33,Eucalyptus largiflorens,Eucalyptus largiflorens,Adnataria,D.Nicolle,"Wentworth, NSW",CCA1143,Combination,0.1374,17.65833,290,0.2,0.447213595,5,0,0,5,Arid,,
822,1995,R066/T34,Eucalyptus odorata,Eucalyptus odorata,Adnataria,D.Nicolle,"Kangaroo Island, SA",CCA1144,Combination,0.2834,15.97083,478,0,0,4,0,0,4,Semiarid,,
822,1995,R066/T36,Eucalyptus odorata,Eucalyptus odorata,Adnataria,D.Nicolle,"Kangaroo Island, SA",CCA1146,Combination,0.2834,15.97083,478,0,0,4,0,0,4,Semiarid,,
822,1995,R066/T37,Eucalyptus odorata,Eucalyptus odorata,Adnataria,D.Nicolle,"Kangaroo Island, SA",CCA1147,Combination,0.2834,15.97083,478,0,0,4,0,0,4,Semiarid,,
1154,1995,R068/T10,Eucalyptus absita,Eucalyptus absita,Adnataria,D.Nicolle,"Badgingarra, WA",,Lignotuber,0.254,18.63750076,565,1,NA,NA,1,NA,NA,Semiarid,,
1131,1995,R069/T32,Eucalyptus rudis subsp. rudis,Eucalyptus rudis subsp. rudis,Exsertaria,D.Nicolle,"Pallinup River, WA",CCA1212,Combination,0.2801,16.34166718,475,2.666666667,0.577350269,4,2.666666667,0.577350269,4,Semiarid,,
1131,1995,R069/T34,Eucalyptus rudis subsp. rudis,Eucalyptus rudis subsp. rudis,Exsertaria,D.Nicolle,"Pallinup River, WA",CCA1214,Combination,0.2801,16.34166718,475,2.666666667,0.577350269,4,2.666666667,0.577350269,4,Semiarid,,
823,1995,R071/T28,Eucalyptus camaldulensis subsp. camaldulensis,Eucalyptus camaldulensis subsp. camaldulensis,Exsertaria,D.Nicolle,"Kangaroo Island, SA",CCA1266,Combination,0.2842,15.95833,480,0.25,0.5,4,0.25,0.5,4,Semiarid,,
823,1995,R071/T29,Eucalyptus camaldulensis subsp. camaldulensis,Eucalyptus camaldulensis subsp. camaldulensis,Exsertaria,D.Nicolle,"Kangaroo Island, SA",CCA1267,Combination,0.2842,15.95833,480,0.25,0.5,4,0.25,0.5,4,Semiarid,,
823,1995,R071/T30,Eucalyptus camaldulensis subsp. camaldulensis,Eucalyptus camaldulensis subsp. camaldulensis,Exsertaria,D.Nicolle,"Kangaroo Island, SA",CCA1268,Combination,0.2842,15.95833,480,0.25,0.5,4,0.25,0.5,4,Semiarid,,
1209,1995,R073/T01,Eucalyptus gillenii,Eucalyptus gillenii,Exsertaria,D.Nicolle,"Mt Gillen, WA",CCA1301,Lignotuber,0.1125,21.25416565,322,0,0,4,0,0,4,Arid,,
1209,1995,R073/T02,Eucalyptus gillenii,Eucalyptus gillenii,Exsertaria,D.Nicolle,"Mt Gillen, WA",CCA1302,Lignotuber,0.1125,21.25416565,322,0,0,4,0,0,4,Arid,,
1209,1995,R073/T03,Eucalyptus gillenii,Eucalyptus gillenii,Exsertaria,D.Nicolle,"Mt Gillen, WA",CCA1303,Lignotuber,0.1125,21.25416565,322,0,0,4,0,0,4,Arid,,
783,1995,R074/T13,Eucalyptus behriana,Eucalyptus behriana,Adnataria,D.Nicolle,"Tarlee, SA",CCA1333,Lignotuber,0.2317,16.11667,446,0,0,4,0,0,4,Semiarid,,
783,1995,R074/T15,Eucalyptus behriana,Eucalyptus behriana x E. odorata,Adnataria,D.Nicolle,"Tarlee, SA",CCA1334,Lignotuber,0.2317,16.11667,446,0,0,4,0,0,4,Semiarid,,
783,1995,R074/T16,Eucalyptus behriana,Eucalyptus behriana x E. odorata,Adnataria,D.Nicolle,"Tarlee, SA",CCA1335,Lignotuber,0.2317,16.11667,446,0,0,4,0,0,4,Semiarid,,
945,1995,R074/T28,Eucalyptus petiolaris,Eucalyptus petiolaris (yellow flower morph),Adnataria,D.Nicolle,"Koppio Hills 2, SA",CCA1340,Combination,0.2764,16.0375,482,0.666666667,1.154700538,4,1.333333333,0.577350269,4,Semiarid,,
945,1995,R074/T30,Eucalyptus petiolaris,Eucalyptus petiolaris (yellow flower morph),Adnataria,D.Nicolle,"Koppio Hills 2, SA",CCA1341,Combination,0.2764,16.0375,482,0.666666667,1.154700538,4,1.333333333,0.577350269,4,Semiarid,,
945,1995,R074/T31,Eucalyptus petiolaris,Eucalyptus petiolaris (yellow flower morph),Adnataria,D.Nicolle,"Koppio Hills 2, SA",CCA1342,Combination,0.2764,16.0375,482,0.666666667,1.154700538,4,1.333333333,0.577350269,4,Semiarid,,
825,1995,R075/T02,Eucalyptus albopurpurea,Eucalyptus albopurpurea (atypical form),Adnataria,D.Nicolle,"Kangaroo Island, SA",CCA1345,Lignotuber,0.2967,15.84583,489,0,0,4,0,0,4,Semiarid,,
825,1995,R075/T03,Eucalyptus albopurpurea,Eucalyptus albopurpurea (atypical form),Adnataria,D.Nicolle,"Kangaroo Island, SA",CCA1346,Lignotuber,0.2967,15.84583,489,0,0,4,0,0,4,Semiarid,,
825,1995,R075/T04,Eucalyptus albopurpurea,Eucalyptus albopurpurea (atypical form),Adnataria,D.Nicolle,"Kangaroo Island, SA",CCA1347,Lignotuber,0.2967,15.84583,489,0,0,4,0,0,4,Semiarid,,
825,1995,R075/T05,Eucalyptus albopurpurea,Eucalyptus albopurpurea (atypical form),Adnataria,D.Nicolle,"Kangaroo Island, SA",CCA1348,Lignotuber,0.2967,15.84583,489,0,0,4,0,0,4,Semiarid,,
942,1995,R075/T15,Eucalyptus albopurpurea,Eucalyptus albopurpurea,Adnataria,D.Nicolle,"Sleaford Bay, SA",CCA1356,Lignotuber,0.325,15.60833,528,0,0,4,0,0,4,Semiarid,,
942,1995,R075/T16,Eucalyptus albopurpurea,Eucalyptus albopurpurea,Adnataria,D.Nicolle,"Sleaford Bay, SA",CCA1357,Lignotuber,0.325,15.60833,528,0,0,4,0,0,4,Semiarid,,
634,1995,R076/T21,Eucalyptus fergusonii subsp. dorsiventralis,Eucalyptus fergusonii subsp. dorsiventralis,Adnataria,D.Nicolle,"Wollombi, NSW",CCA1371,Combination,0.5233,16.7625,818,1,0,4,1.25,NA,4,DrySubhumid,,
634,1995,R076/T22,Eucalyptus fergusonii subsp. dorsiventralis,Eucalyptus fergusonii subsp. dorsiventralis,Adnataria,D.Nicolle,"Wollombi, NSW",CCA1372,Combination,0.5233,16.7625,818,1,0,4,1.25,NA,4,DrySubhumid,,
634,1995,R076/T23,Eucalyptus fergusonii subsp. dorsiventralis,Eucalyptus fergusonii subsp. dorsiventralis,Adnataria,D.Nicolle,"Wollombi, NSW",CCA1373,Combination,0.5233,16.7625,818,1,0,4,1.25,NA,4,DrySubhumid,,
1355,1996,R086/T16,Eucalyptus coolabah,Eucalyptus coolabah,Adnataria,D.Nicolle,"Palmer River, NT",CCA1478,Combination,0.0964,21.85416603,282,0,0,3,0,0,3,Arid,x,
1355,1996,R086/T17,Eucalyptus coolabah,Eucalyptus coolabah,Adnataria,D.Nicolle,"Palmer River, NT",CCA1479,Combination,0.0964,21.85416603,282,0,0,3,0,0,3,Arid,,
1330,1996,R087/T07,Eucalyptus melanophloia subsp. nana,Eucalyptus melanophloia subsp. nana,Adnataria,D.Nicolle,"Mount Isa 1, Qld",CCA1495,Combination,0.1494,24.1875,436,0,0,4,0,0,4,Arid,,
1330,1996,R087/T08,Eucalyptus melanophloia subsp. nana,Eucalyptus melanophloia subsp. nana,Adnataria,D.Nicolle,"Mount Isa 1, Qld",CCA1496,Combination,0.1494,24.1875,436,0,0,4,0,0,4,Arid,,
1330,1996,R087/T09,Eucalyptus melanophloia subsp. nana,Eucalyptus melanophloia subsp. nana,Adnataria,D.Nicolle,"Mount Isa 1, Qld",CCA1497,Combination,0.1494,24.1875,436,0,0,4,0,0,4,Arid,,
1364,1996,R087/T22,Eucalyptus sp. Adelaide,Eucalyptus microcarpa (Adelaide variant),Adnataria,D.Nicolle,"Happy Valley, SA",CCA1508,Combination,0.3411,15.80416679,610,0.333333333,0.516397779,6,0.4,0.547722558,6,Semiarid,,
1364,1996,R087/T25,Eucalyptus sp. Adelaide,Eucalyptus microcarpa (Adelaide variant),Adnataria,D.Nicolle,"Happy Valley, SA",CCA1511,Combination,0.3411,15.80416679,610,0.333333333,0.516397779,6,0.4,0.547722558,6,Semiarid,,
1364,1996,R087/T26,Eucalyptus sp. Adelaide,Eucalyptus microcarpa (Adelaide variant),Adnataria,D.Nicolle,"Happy Valley, SA",CCA1512,Combination,0.3411,15.80416679,610,0.333333333,0.516397779,6,0.4,0.547722558,6,Semiarid,,
1284,1996,R087/T28,Eucalyptus ammophila,Eucalyptus ammophila,Exsertaria,D.Nicolle,"Barcaldine, Qld",,Combination,0.2063,22.67083359,519,0.333333333,NA,NA,0,NA,NA,Semiarid,,
1284,1996,R087/T30,Eucalyptus ammophila,Eucalyptus ammophila,Exsertaria,D.Nicolle,"Barcaldine, Qld",,Combination,0.2063,22.67083359,519,0.333333333,NA,NA,0,NA,NA,Semiarid,,
1284,1996,R087/T31,Eucalyptus ammophila,Eucalyptus ammophila,Exsertaria,D.Nicolle,"Barcaldine, Qld",,Combination,0.2063,22.67083359,519,0.333333333,NA,NA,0,NA,NA,Semiarid,,
1590,1996,R088/T05,Eucalyptus wimmerensis,Eucalyptus wimmerensis,Adnataria,D.Nicolle,"Bordertown, SA",CCA1523,Lignotuber,0.264,15.22500038,455,0.25,0.5,4,1,0,4,Semiarid,,
1590,1996,R088/T06,Eucalyptus wimmerensis,Eucalyptus wimmerensis,Adnataria,D.Nicolle,"Bordertown, SA",CCA1524,Lignotuber,0.264,15.22500038,455,0.25,0.5,4,1,0,4,Semiarid,,
1590,1996,R088/T08,Eucalyptus wimmerensis,Eucalyptus wimmerensis,Adnataria,D.Nicolle,"Bordertown, SA",CCA1526,Lignotuber,0.264,15.22500038,455,0.25,0.5,4,1,0,4,Semiarid,,
1220,1996,R088/T35,Eucalyptus microcarpa,Eucalyptus microcarpa,Adnataria,D.Nicolle,"West Wyalong, NSW",CCA1543,Combination,0.2565,16.72083282,496,0.5,0.577350269,4,0.5,0.577350269,4,Semiarid,x,
1220,1996,R088/T37,Eucalyptus microcarpa,Eucalyptus microcarpa,Adnataria,D.Nicolle,"West Wyalong, NSW",CCA1545,Combination,0.2565,16.72083282,496,0.5,0.577350269,4,0.5,0.577350269,4,Semiarid,,
1220,1996,R088/T38,Eucalyptus microcarpa,Eucalyptus microcarpa,Adnataria,D.Nicolle,"West Wyalong, NSW",CCA1546,Combination,0.2565,16.72083282,496,0.5,0.577350269,4,0.5,0.577350269,4,Semiarid,,
1276,1996,R089/T15,Eucalyptus sicilifolia,Eucalyptus sicilifolia,Adnataria,D.Nicolle,"Springsure, Qld",CCA1556,Combination,0.3023,20.87916565,641,0,0,4,0,0,4,Semiarid,,
1276,1996,R089/T16,Eucalyptus sicilifolia,Eucalyptus sicilifolia,Adnataria,D.Nicolle,"Springsure, Qld",CCA1557,Combination,0.3023,20.87916565,641,0,0,4,0,0,4,Semiarid,,
1276,1996,R089/T17,Eucalyptus sicilifolia,Eucalyptus sicilifolia,Adnataria,D.Nicolle,"Springsure, Qld",CCA1558,Combination,0.3023,20.87916565,641,0,0,4,0,0,4,Semiarid,,
1279,1996,R089/T19,Eucalyptus tholiformis,Eucalyptus tholiformis,Adnataria,D.Nicolle,"Springsure, Qld",CCA1560,Combination,0.2771,20.98333359,600,0,0,4,0,0,4,Semiarid,,
1279,1996,R089/T20,Eucalyptus tholiformis,Eucalyptus tholiformis,Adnataria,D.Nicolle,"Springsure, Qld",CCA1561,Combination,0.2771,20.98333359,600,0,0,4,0,0,4,Semiarid,,
1279,1996,R089/T22,Eucalyptus tholiformis,Eucalyptus tholiformis,Adnataria,D.Nicolle,"Springsure, Qld",CCA1563,Combination,0.2771,20.98333359,600,0,0,4,0,0,4,Semiarid,,
1267,1996,R089/T26,Eucalyptus suffulgens,Eucalyptus suffulgens,Adnataria,D.Nicolle,"Isla Gorge 2, Qld",CCA1565,Combination,0.3344,20.01666641,665,0.666666667,1.154700538,4,1,0,4,Semiarid,,
1267,1996,R089/T27,Eucalyptus suffulgens,Eucalyptus suffulgens,Adnataria,D.Nicolle,"Isla Gorge 2, Qld",CCA1566,Combination,0.3344,20.01666641,665,0.666666667,1.154700538,4,1,0,4,Semiarid,,
1267,1996,R089/T29,Eucalyptus suffulgens,Eucalyptus suffulgens,Adnataria,D.Nicolle,"Isla Gorge 2, Qld",CCA1567,Combination,0.3344,20.01666641,665,0.666666667,1.154700538,4,1,0,4,Semiarid,,
1281,1996,R090/T01,Eucalyptus thozetiana,Eucalyptus thozetiana,Adnataria,D.Nicolle,"Jericho, Qld",CCA1574,Combination,0.2221,21.74166679,522,0,0,4,0,0,4,Semiarid,,
1272,1996,R090/T09,Eucalyptus tereticornis subsp. rotunda,Eucalyptus tereticornis subsp. rotunda,Exsertaria,D.Nicolle,"Carnarvon Range, Qld",,Combination,0.3692,15.97916698,668,1.25,NA,NA,0,NA,NA,Semiarid,,
1272,1996,R090/T10,Eucalyptus tereticornis subsp. rotunda,Eucalyptus tereticornis subsp. rotunda,Exsertaria,D.Nicolle,"Carnarvon Range, Qld",,Combination,0.3692,15.97916698,668,1.25,NA,NA,0,NA,NA,Semiarid,,
1272,1996,R090/T12,Eucalyptus tereticornis subsp. rotunda,Eucalyptus tereticornis subsp. rotunda,Exsertaria,D.Nicolle,"Carnarvon Range, Qld",,Combination,0.3692,15.97916698,668,1.25,NA,NA,0,NA,NA,Semiarid,,
1293,1996,R090/T17,Eucalyptus brownii,Eucalyptus brownii,Adnataria,D.Nicolle,"Pentland, Qld",CCA1587,Combination,0.2708,22.70416641,631,0.5,0.707106781,3,0,0,3,Semiarid,,
1293,1996,R090/T19,Eucalyptus brownii,Eucalyptus brownii,Adnataria,D.Nicolle,"Pentland, Qld",CCA1588,Combination,0.2708,22.70416641,631,0.5,0.707106781,3,0,0,3,Semiarid,,
1264,1996,R090/T21,Eucalyptus corynodes,Eucalyptus corynodes,Adnataria,D.Nicolle,"Cracow, Qld",CCA1590,Combination,0.3321,19.8125,654,0.5,0.707106781,3,0,0,3,Semiarid,,
1264,1996,R090/T22,Eucalyptus corynodes,Eucalyptus corynodes,Adnataria,D.Nicolle,"Cracow, Qld",CCA1591,Combination,0.3321,19.8125,654,0.5,0.707106781,3,0,0,3,Semiarid,,
1289,1996,R090/T24,Eucalyptus exilipes,Eucalyptus exilipes,Adnataria,D.Nicolle,"White Mountains, Qld",,Combination,0.2524,22.18333244,581,0,NA,NA,0.333333333,NA,NA,Semiarid,,
1254,1996,R090/T26,Eucalyptus infera,Eucalyptus infera,Exsertaria,D.Nicolle,"Durikai State Forest, Qld",CCA1594,Lignotuber,0.4278,15.86666679,732,0,0,4,0,0,4,Semiarid,,
1254,1996,R090/T27,Eucalyptus infera,Eucalyptus infera,Exsertaria,D.Nicolle,"Durikai State Forest, Qld",CCA1595,Lignotuber,0.4278,15.86666679,732,0,0,4,0,0,4,Semiarid,,
1254,1996,R090/T28,Eucalyptus infera,Eucalyptus infera,Exsertaria,D.Nicolle,"Durikai State Forest, Qld",CCA1596,Lignotuber,0.4278,15.86666679,732,0,0,4,0,0,4,Semiarid,,
1260,1996,R090/T30,Eucalyptus decorticans,Eucalyptus decorticans,Adnataria,D.Nicolle,"Eidsvold, Qld",,Combination,0.3433,20.40833282,667,1,NA,NA,1,NA,NA,Semiarid,,
1260,1996,R090/T31,Eucalyptus decorticans,Eucalyptus decorticans,Adnataria,D.Nicolle,"Eidsvold, Qld",,Combination,0.3433,20.40833282,667,1,NA,NA,1,NA,NA,Semiarid,,
1260,1996,R090/T33,Eucalyptus decorticans,Eucalyptus decorticans,Adnataria,D.Nicolle,"Eidsvold, Qld",,Combination,0.3433,20.40833282,667,1,NA,NA,1,NA,NA,Semiarid,,
1291,1996,R091/T02,Eucalyptus persistens,Eucalyptus persistens,Adnataria,D.Nicolle,"White Mountains, Qld",CCA1605,Combination,0.2603,22.54166603,608,0.333333333,0.577350269,4,0,0,4,Semiarid,,
1291,1996,R091/T03,Eucalyptus persistens,Eucalyptus persistens,Adnataria,D.Nicolle,"White Mountains, Qld",CCA1606,Combination,0.2603,22.54166603,608,0.333333333,0.577350269,4,0,0,4,Semiarid,,
1291,1996,R091/T04,Eucalyptus persistens,Eucalyptus persistens,Adnataria,D.Nicolle,"White Mountains, Qld",CCA1607,Combination,0.2603,22.54166603,608,0.333333333,0.577350269,4,0,0,4,Semiarid,,
1308,1996,R091/T32,Eucalyptus atrata,Eucalyptus atrata,Adnataria,D.Nicolle,"Herberton, Qld",CCA1620,Combination,0.8186,20.27083397,1482,0.25,0.5,4,0.25,0.5,4,Humid,,
1308,1996,R091/T33,Eucalyptus atrata,Eucalyptus atrata,Adnataria,D.Nicolle,"Herberton, Qld",CCA1621,Combination,0.8186,20.27083397,1482,0.25,0.5,4,0.25,0.5,4,Humid,,
1308,1996,R091/T34,Eucalyptus atrata,Eucalyptus atrata,Adnataria,D.Nicolle,"Herberton, Qld",CCA1622,Combination,0.8186,20.27083397,1482,0.25,0.5,4,0.25,0.5,4,Humid,,
1255,1996,R092/T19,Eucalyptus chloroclada,Eucalyptus chloroclada,Exsertaria,D.Nicolle,"Warwick, Qld",CCA1633,Combination,0.411,17.29999924,735,0.75,1.5,4,0,0,4,Semiarid,,
1255,1996,R092/T20,Eucalyptus chloroclada,Eucalyptus chloroclada,Exsertaria,D.Nicolle,"Warwick, Qld",CCA1634,Combination,0.411,17.29999924,735,0.75,1.5,4,0,0,4,Semiarid,,
1255,1996,R092/T21,Eucalyptus chloroclada,Eucalyptus chloroclada,Exsertaria,D.Nicolle,"Warwick, Qld",CCA1635,Combination,0.411,17.29999924,735,0.75,1.5,4,0,0,4,Semiarid,,
1323,1996,R093/T03,Eucalyptus lockyeri,Eucalyptus lockyeri,Exsertaria,D.Nicolle,"Ravenshoe, Qld",,Combination,0.8499,19.61249924,1501,1.5,NA,NA,1,NA,NA,Humid,,
1323,1996,R093/T04,Eucalyptus lockyeri,Eucalyptus lockyeri,Exsertaria,D.Nicolle,"Ravenshoe, Qld",,Combination,0.8499,19.61249924,1501,1.5,NA,NA,1,NA,NA,Humid,,
1314,1996,R093/T08,Eucalyptus camaldulensis subsp. simulata,Eucalyptus camaldulensis subsp. simulata,Exsertaria,D.Nicolle,"Laura, Qld",CCA1644,Combination,0.4977,26.09166718,1062,1.5,0.577350269,5,1.25,0.5,5,Semiarid,,
1314,1996,R093/T09,Eucalyptus camaldulensis subsp. simulata,Eucalyptus camaldulensis subsp. simulata,Exsertaria,D.Nicolle,"Laura, Qld",CCA1645,Combination,0.4977,26.09166718,1062,1.5,0.577350269,5,1.25,0.5,5,Semiarid,,
1314,1996,R093/T12,Eucalyptus camaldulensis subsp. simulata,Eucalyptus camaldulensis subsp. simulata,Exsertaria,D.Nicolle,"Laura, Qld",CCA1647,Combination,0.4977,26.09166718,1062,1.5,0.577350269,5,1.25,0.5,5,Semiarid,,
1305,1996,R094/T01,Eucalyptus granitica,Eucalyptus granitica,Adnataria,,"Herberton, Qld",,Combination,0.8318,19.9375,1487,0.333333333,NA,NA,0.333333333,NA,NA,Humid,x,
1305,1996,R094/T02,Eucalyptus granitica,Eucalyptus granitica,Adnataria,,"Herberton, Qld",,Combination,0.8318,19.9375,1487,0.333333333,NA,NA,0.333333333,NA,NA,Humid,,
1305,1996,R094/T03,Eucalyptus granitica,Eucalyptus granitica,Adnataria,,"Herberton, Qld",,Combination,0.8318,19.9375,1487,0.333333333,NA,NA,0.333333333,NA,NA,Humid,,
1309,1996,R094/T18,Eucalyptus insulana,Eucalyptus insulana,Exsertaria,D.Nicolle,"Walkamin, Qld",CCA1670,Combination,0.8819,20.97083282,1564,0.666666667,0.577350269,4,0.333333333,0.577350269,4,Humid,,
1309,1996,R094/T20,Eucalyptus insulana,Eucalyptus insulana,Exsertaria,D.Nicolle,"Walkamin, Qld",CCA1671,Combination,0.8819,20.97083282,1564,0.666666667,0.577350269,4,0.333333333,0.577350269,4,Humid,,
1309,1996,R094/T21,Eucalyptus insulana,Eucalyptus insulana,Exsertaria,D.Nicolle,"Walkamin, Qld",CCA1672,Combination,0.8819,20.97083282,1564,0.666666667,0.577350269,4,0.333333333,0.577350269,4,Humid,,
1322,1996,R094/T26,Eucalyptus cullenii,Eucalyptus cullenii,Adnataria,D.Nicolle,"Lakeland, Qld",,Combination,0.5211,24.20000076,1045,0,NA,NA,0,NA,NA,DrySubhumid,,
1322,1996,R094/T27,Eucalyptus cullenii,Eucalyptus cullenii,Adnataria,D.Nicolle,"Lakeland, Qld",,Combination,0.5211,24.20000076,1045,0,NA,NA,0,NA,NA,DrySubhumid,,
1241,1996,R095/T02,Eucalyptus bancroftii,Eucalyptus bancroftii,Exsertaria,D.Nicolle,"Wells Crossing, NSW",CCA1683,Combination,0.7566,18.56666565,1243,1.5,0.707106781,4,2,0,4,Humid,,
1241,1996,R095/T03,Eucalyptus bancroftii,Eucalyptus bancroftii,Exsertaria,D.Nicolle,"Wells Crossing, NSW",CCA1684,Combination,0.7566,18.56666565,1243,1.5,0.707106781,4,2,0,4,Humid,,
1239,1996,R095/T21,Eucalyptus propinqua,Eucalyptus propinqua,Exsertaria,D.Nicolle,"Telegraph Point, NSW",CCA1692,Combination,0.8993,18.10833359,1437,2,1,5,2,1,5,Humid,,
1239,1996,R095/T22,Eucalyptus propinqua,Eucalyptus propinqua,Exsertaria,D.Nicolle,"Telegraph Point, NSW",CCA1693,Combination,0.8993,18.10833359,1437,2,1,5,2,1,5,Humid,,
1239,1996,R095/T24,Eucalyptus propinqua,Eucalyptus propinqua,Exsertaria,D.Nicolle,"Telegraph Point, NSW",CCA1694,Combination,0.8993,18.10833359,1437,2,1,5,2,1,5,Humid,,
1676,1997,R133/T05,Eucalyptus albens,Eucalyptus albens,Adnataria,,"Melrose, SA",,Combination,0.2313,15.82083321,487,0,NA,NA,0,NA,NA,Semiarid,,
1676,1997,R133/T06,Eucalyptus albens,Eucalyptus albens,Adnataria,,"Melrose, SA",,Combination,0.2313,15.82083321,487,0,NA,NA,0,NA,NA,Semiarid,x,
1676,1997,R133/T07,Eucalyptus albens,Eucalyptus albens,Adnataria,,"Melrose, SA",,Combination,0.2313,15.82083321,487,0,NA,NA,0,NA,NA,Semiarid,,
1716,1997,R137/T19,Eucalyptus fasciculosa,Eucalyptus fasciculosa,Adnataria,D.Nicolle,"Salt Creek, SA",,Combination,0.3233,15.42500019,523,1,NA,NA,0.75,NA,NA,Semiarid,,
1716,1997,R137/T21,Eucalyptus fasciculosa,Eucalyptus fasciculosa,Adnataria,D.Nicolle,"Salt Creek, SA",,Combination,0.3233,15.42500019,523,1,NA,NA,0.75,NA,NA,Semiarid,,
1716,1997,R137/T22,Eucalyptus fasciculosa,Eucalyptus fasciculosa,Adnataria,D.Nicolle,"Salt Creek, SA",,Combination,0.3233,15.42500019,523,1,NA,NA,0.75,NA,NA,Semiarid,,
1727,1997,R138/T16,Eucalyptus tricarpa,Eucalyptus tricarpa,Adnataria,D.Nicolle,"Aireys Inlet, Vic",,Combination,0.4994,14.09583282,668,0.666666667,NA,NA,1.333333333,NA,NA,Semiarid,,
1727,1997,R138/T17,Eucalyptus tricarpa,Eucalyptus tricarpa,Adnataria,D.Nicolle,"Aireys Inlet, Vic",,Combination,0.4994,14.09583282,668,0.666666667,NA,NA,1.333333333,NA,NA,Semiarid,,
1727,1997,R138/T18,Eucalyptus tricarpa,Eucalyptus tricarpa,Adnataria,D.Nicolle,"Aireys Inlet, Vic",,Combination,0.4994,14.09583282,668,0.666666667,NA,NA,1.333333333,NA,NA,Semiarid,,
1733,1997,R141/T29,Eucalyptus bosistoana,Eucalyptus bosistoana,Adnataria,D.Nicolle,"Metung, Vic",CCA3041,Combination,0.4895,14.57083321,709,0,0,4,1,0.816496581,4,Semiarid,x,
1733,1997,R141/T30,Eucalyptus bosistoana,Eucalyptus bosistoana,Adnataria,D.Nicolle,"Metung, Vic",CCA3042,Combination,0.4895,14.57083321,709,0,0,4,1,0.816496581,4,Semiarid,,
1738,1997,R142/T10,Eucalyptus polyanthemos subsp. vestita,Eucalyptus polyanthemos subsp. vestita (subsp. longior),Adnataria,D.Nicolle,"Orbost, Vic",CCA3053,Combination,0.6081,14.67083359,870,0.333333333,0.577350269,4,0.333333333,0.577350269,4,DrySubhumid,,
1738,1997,R142/T11,Eucalyptus polyanthemos subsp. vestita,Eucalyptus polyanthemos subsp. vestita (subsp. longior),Adnataria,D.Nicolle,"Orbost, Vic",CCA3054,Combination,0.6081,14.67083359,870,0.333333333,0.577350269,4,0.333333333,0.577350269,4,DrySubhumid,,
1738,1997,R142/T12,Eucalyptus polyanthemos subsp. vestita,Eucalyptus polyanthemos subsp. vestita (subsp. longior),Adnataria,D.Nicolle,"Orbost, Vic",CCA3055,Combination,0.6081,14.67083359,870,0.333333333,0.577350269,4,0.333333333,0.577350269,4,DrySubhumid,,
1734,1997,R142/T31,Eucalyptus baueriana,Eucalyptus baueriana,Adnataria,D.Nicolle,"Metung, Vic",CCA3064,Combination,0.4895,14.57083321,709,2,1,4,1.666666667,0.577350269,4,Semiarid,,
1734,1997,R142/T32,Eucalyptus baueriana,Eucalyptus baueriana,Adnataria,D.Nicolle,"Metung, Vic",CCA3065,Combination,0.4895,14.57083321,709,2,1,4,1.666666667,0.577350269,4,Semiarid,,
1734,1997,R142/T33,Eucalyptus baueriana,Eucalyptus baueriana,Adnataria,D.Nicolle,"Metung, Vic",CCA3066,Combination,0.4895,14.57083321,709,2,1,4,1.666666667,0.577350269,4,Semiarid,,
1763,1997,R143/T13,Eucalyptus parramattensis subsp. parramattensis,Eucalyptus parramattensis subsp. parramattensis,Exsertaria,D.Nicolle,"Thirlmere, NSW",,Combination,0.6255,15.23750019,927,0,NA,NA,0.5,NA,NA,DrySubhumid,,
1763,1997,R143/T15,Eucalyptus parramattensis subsp. parramattensis,Eucalyptus parramattensis subsp. parramattensis,Exsertaria,D.Nicolle,"Thirlmere, NSW",,Combination,0.6255,15.23750019,927,0,NA,NA,0.5,NA,NA,DrySubhumid,,
1763,1997,R143/T16,Eucalyptus parramattensis subsp. parramattensis,Eucalyptus parramattensis subsp. parramattensis,Exsertaria,D.Nicolle,"Thirlmere, NSW",,Combination,0.6255,15.23750019,927,0,NA,NA,0.5,NA,NA,DrySubhumid,,
1761,1997,R143/T26,Eucalyptus beyeriana,Eucalyptus beyeriana,Adnataria,D.Nicolle,"Bargo, NSW",CCA3085,Combination,0.6855,14.8708334,994,0.75,0.5,4,0,0,4,DrySubhumid,,
1761,1997,R143/T27,Eucalyptus beyeriana,Eucalyptus beyeriana,Adnataria,D.Nicolle,"Bargo, NSW",CCA3086,Combination,0.6855,14.8708334,994,0.75,0.5,4,0,0,4,DrySubhumid,,
1761,1997,R143/T28,Eucalyptus beyeriana,Eucalyptus beyeriana,Adnataria,D.Nicolle,"Bargo, NSW",CCA3087,Combination,0.6855,14.8708334,994,0.75,0.5,4,0,0,4,DrySubhumid,,
1736,1997,R144/T28,Eucalyptus tereticornis subsp. mediana,Eucalyptus tereticornis subsp. mediana,Exsertaria,D.Nicolle,"Metung, Vic",CCA3108,Combination,0.4827,14.85416698,706,0,0,4,0,0,4,Semiarid,,
1736,1997,R144/T29,Eucalyptus tereticornis subsp. mediana,Eucalyptus tereticornis subsp. mediana,Exsertaria,D.Nicolle,"Metung, Vic",CCA3109,Combination,0.4827,14.85416698,706,0,0,4,0,0,4,Semiarid,,
1736,1997,R144/T30,Eucalyptus tereticornis subsp. mediana,Eucalyptus tereticornis subsp. mediana,Exsertaria,D.Nicolle,"Metung, Vic",CCA3110,Combination,0.4827,14.85416698,706,0,0,4,0,0,4,Semiarid,,
1798,1997,R145/T01,Eucalyptus leucoxylon subsp. pruinosa,Eucalyptus leucoxylon subsp. pruinosa,Adnataria,D.Nicolle,"Kingston SE, SA",CCA3116,Combination,0.3901,15.1875,604,0,0,4,0,0,4,Semiarid,,X
1798,1997,R145/T03,Eucalyptus leucoxylon subsp. pruinosa,Eucalyptus leucoxylon subsp. pruinosa,Adnataria,D.Nicolle,"Kingston SE, SA",CCA3118,Combination,0.3901,15.1875,604,0,0,4,0,0,4,Semiarid,,X
1798,1997,R145/T04,Eucalyptus leucoxylon subsp. pruinosa,Eucalyptus leucoxylon subsp. pruinosa,Adnataria,D.Nicolle,"Kingston SE, SA",CCA3119,Combination,0.3901,15.1875,604,0,0,4,0,0,4,Semiarid,,X
2119,1998,R083/T20,Eucalyptus ochrophloia,Eucalyptus ochrophloia,Adnataria,D.Nicolle,"Charleville, Qld",CCA1418,Combination,0.186,21.15416718,446,0,0,4,0,0,4,Arid,,
2119,1998,R083/T21,Eucalyptus ochrophloia,Eucalyptus ochrophloia,Adnataria,D.Nicolle,"Charleville, Qld",CCA1419,Combination,0.186,21.15416718,446,0,0,4,0,0,4,Arid,,
2119,1998,R083/T22,Eucalyptus ochrophloia,Eucalyptus ochrophloia,Adnataria,D.Nicolle,"Charleville, Qld",CCA1420,Combination,0.186,21.15416718,446,0,0,4,0,0,4,Arid,,
2083,1998,R084/T16,EucalyptusÂ viridis,Eucalyptus aenea,Adnataria,D.Nicolle,"Gungal, NSW",,Lignotuber,0.4056,16.45416641,680,0,NA,NA,0,NA,NA,Semiarid,,
2083,1998,R084/T17,EucalyptusÂ viridis,Eucalyptus aenea,Adnataria,D.Nicolle,"Gungal, NSW",,Lignotuber,0.4056,16.45416641,680,0,NA,NA,0,NA,NA,Semiarid,,
2083,1998,R084/T18,EucalyptusÂ viridis,Eucalyptus aenea,Adnataria,D.Nicolle,"Gungal, NSW",,Lignotuber,0.4056,16.45416641,680,0,NA,NA,0,NA,NA,Semiarid,,
2104,1998,R150/T01,Eucalyptus rhombica,Eucalyptus rhombica,Adnataria,D.Nicolle,"Karara, Qld",,Combination,0.3714,17.64999962,679,0,NA,NA,0,NA,NA,Semiarid,,
2104,1998,R150/T03,Eucalyptus rhombica,Eucalyptus rhombica,Adnataria,D.Nicolle,"Karara, Qld",,Combination,0.3714,17.64999962,679,0,NA,NA,0,NA,NA,Semiarid,,
2104,1998,R150/T04,Eucalyptus rhombica,Eucalyptus rhombica,Adnataria,D.Nicolle,"Karara, Qld",,Combination,0.3714,17.64999962,679,0,NA,NA,0,NA,NA,Semiarid,,
2116,1998,R150/T09,Eucalyptus virens,Eucalyptus virens,Adnataria,D.Nicolle,"Maranoa River, Qld",,Combination,0.3058,18.39583397,612,0,NA,NA,0,NA,NA,Semiarid,,
2116,1998,R150/T10,Eucalyptus virens,Eucalyptus virens,Adnataria,D.Nicolle,"Maranoa River, Qld",,Combination,0.3058,18.39583397,612,0,NA,NA,0,NA,NA,Semiarid,,
2116,1998,R150/T11,Eucalyptus virens,Eucalyptus virens,Adnataria,D.Nicolle,"Maranoa River, Qld",,Combination,0.3058,18.39583397,612,0,NA,NA,0,NA,NA,Semiarid,,
2107,1998,R151/T09,Eucalyptus major,Eucalyptus major,Exsertaria,D.Nicolle,"Helidon Hills, Qld",CCA3176,Combination,0.4423,18.52499962,798,1,0,4,1,0,4,Semiarid,,
2107,1998,R151/T10,Eucalyptus major,Eucalyptus major,Exsertaria,D.Nicolle,"Helidon Hills, Qld",CCA3177,Combination,0.4423,18.52499962,798,1,0,4,1,0,4,Semiarid,,
2106,1998,R151/T18,Eucalyptus taurina,Eucalyptus taurina,Adnataria,D.Nicolle,"Helidon Hills, Qld",,Combination,0.4324,18.78333282,790,1.333333333,NA,NA,1,NA,NA,Semiarid,,
2106,1998,R151/T19,Eucalyptus taurina,Eucalyptus taurina,Adnataria,D.Nicolle,"Helidon Hills, Qld",,Combination,0.4324,18.78333282,790,1.333333333,NA,NA,1,NA,NA,Semiarid,,
2106,1998,R151/T20,Eucalyptus taurina,Eucalyptus taurina,Adnataria,D.Nicolle,"Helidon Hills, Qld",,Combination,0.4324,18.78333282,790,1.333333333,NA,NA,1,NA,NA,Semiarid,,
2111,1998,R151/T22,Eucalyptus melanoleuca,Eucalyptus melanoleuca,Adnataria,D.Nicolle,"Yarraman, Qld",CCA3184,Combination,0.4731,17.71666718,830,0.5,0.577350269,4,0.25,0.5,4,Semiarid,,
2111,1998,R151/T23,Eucalyptus melanoleuca,Eucalyptus melanoleuca,Adnataria,D.Nicolle,"Yarraman, Qld",CCA3185,Combination,0.4731,17.71666718,830,0.5,0.577350269,4,0.25,0.5,4,Semiarid,,
2111,1998,R151/T24,Eucalyptus melanoleuca,Eucalyptus melanoleuca,Adnataria,D.Nicolle,"Yarraman, Qld",CCA3186,Combination,0.4731,17.71666718,830,0.5,0.577350269,4,0.25,0.5,4,Semiarid,,
2099,1998,R151/T29,Eucalyptus ophitica,Eucalyptus ophitica,Adnataria,D.Nicolle,"Baryulgil, NSW",,Combination,0.6461,18.48749924,1096,0.75,NA,NA,0.75,NA,NA,DrySubhumid,,
2099,1998,R151/T30,Eucalyptus ophitica,Eucalyptus ophitica,Adnataria,D.Nicolle,"Baryulgil, NSW",,Combination,0.6461,18.48749924,1096,0.75,NA,NA,0.75,NA,NA,DrySubhumid,,
2099,1998,R151/T31,Eucalyptus ophitica,Eucalyptus ophitica,Adnataria,D.Nicolle,"Baryulgil, NSW",,Combination,0.6461,18.48749924,1096,0.75,NA,NA,0.75,NA,NA,DrySubhumid,,
2081,1998,R152/T09,Eucalyptus fracta,Eucalyptus fracta,Adnataria,D.Nicolle,"Broken Back Range, NSW",CCA3198,Combination,0.6548,15.97500038,1002,0.25,0.5,4,0,0,4,DrySubhumid,,X
2081,1998,R152/T10,Eucalyptus fracta,Eucalyptus fracta,Adnataria,D.Nicolle,"Broken Back Range, NSW",CCA3199,Combination,0.6548,15.97500038,1002,0.25,0.5,4,0,0,4,DrySubhumid,,X
2081,1998,R152/T11,Eucalyptus fracta,Eucalyptus fracta,Adnataria,D.Nicolle,"Broken Back Range, NSW",CCA3200,Combination,0.6548,15.97500038,1002,0.25,0.5,4,0,0,4,DrySubhumid,,X
2080,1998,R153/T01,Eucalyptus hypostomatica,Eucalyptus rudderi (E. hypostomatica),Adnataria,D.Nicolle,"Paxton, NSW",CCA3208,Combination,0.7237,15.8708334,1080,1.5,0.577350269,4,1.5,0.577350269,4,DrySubhumid,,
2080,1998,R153/T02,Eucalyptus hypostomatica,Eucalyptus rudderi (E. hypostomatica),Adnataria,D.Nicolle,"Paxton, NSW",CCA3209,Combination,0.7237,15.8708334,1080,1.5,0.577350269,4,1.5,0.577350269,4,DrySubhumid,,
2080,1998,R153/T04,Eucalyptus hypostomatica,Eucalyptus rudderi (E. hypostomatica),Adnataria,D.Nicolle,"Paxton, NSW",CCA3211,Combination,0.7237,15.8708334,1080,1.5,0.577350269,4,1.5,0.577350269,4,DrySubhumid,,
2086,1998,R155/T10,Eucalyptus largeana,Eucalyptus largeana,Adnataria,D.Nicolle,"Craven, NSW",CCA3228,Combination,0.7673,16.58749962,1187,1.333333333,0.577350269,4,1.333333333,0.577350269,4,Humid,,X
2086,1998,R155/T11,Eucalyptus largeana,Eucalyptus largeana,Adnataria,D.Nicolle,"Craven, NSW",CCA3229,Combination,0.7673,16.58749962,1187,1.333333333,0.577350269,4,1.333333333,0.577350269,4,Humid,,X
2086,1998,R155/T12,Eucalyptus largeana,Eucalyptus largeana,Adnataria,D.Nicolle,"Craven, NSW",CCA3230,Combination,0.7673,16.58749962,1187,1.333333333,0.577350269,4,1.333333333,0.577350269,4,Humid,,X
1298,1998,R156/T14,Eucalyptus paedoglauca,Eucalyptus paedoglauca,Adnataria,D.Nicolle,"Mt Stuart 1, Qld",,Combination,0.5834,23.22083282,1187,0.5,NA,NA,0.5,NA,NA,DrySubhumid,,
1298,1998,R156/T15,Eucalyptus paedoglauca,Eucalyptus paedoglauca,Adnataria,D.Nicolle,"Mt Stuart 1, Qld",,Combination,0.5834,23.22083282,1187,0.5,NA,NA,0.5,NA,NA,DrySubhumid,,
1298,1998,R156/T16,Eucalyptus paedoglauca,Eucalyptus paedoglauca,Adnataria,D.Nicolle,"Mt Stuart 1, Qld",,Combination,0.5834,23.22083282,1187,0.5,NA,NA,0.5,NA,NA,DrySubhumid,,
2085,1998,R156/T21,Eucalyptus glaucina,Eucalyptus glaucina,Exsertaria,D.Nicolle,"Paterson, NSW",CCA3239,Combination,0.5698,18.12083244,937,0.75,0.5,4,0.5,0.577350269,4,DrySubhumid,,X
2085,1998,R156/T23,Eucalyptus glaucina,Eucalyptus glaucina,Exsertaria,D.Nicolle,"Paterson, NSW",CCA3241,Combination,0.5698,18.12083244,937,0.75,0.5,4,0.5,0.577350269,4,DrySubhumid,,X
2085,1998,R156/T24,Eucalyptus glaucina,Eucalyptus glaucina,Exsertaria,D.Nicolle,"Paterson, NSW",CCA3242,Combination,0.5698,18.12083244,937,0.75,0.5,4,0.5,0.577350269,4,DrySubhumid,,X
2089,1998,R158/T29,Eucalyptus seeana,Eucalyptus seeana,Exsertaria,D.Nicolle,"Lake Cathie, NSW",CCA3254,Combination,0.8855,18.13750076,1416,1.333333333,0.577350269,4,0.666666667,1.154700538,4,Humid,,
2089,1998,R158/T30,Eucalyptus seeana,Eucalyptus seeana,Exsertaria,D.Nicolle,"Lake Cathie, NSW",CCA3255,Combination,0.8855,18.13750076,1416,1.333333333,0.577350269,4,0.666666667,1.154700538,4,Humid,,
2089,1998,R158/T31,Eucalyptus seeana,Eucalyptus seeana,Exsertaria,D.Nicolle,"Lake Cathie, NSW",CCA3256,Combination,0.8855,18.13750076,1416,1.333333333,0.577350269,4,0.666666667,1.154700538,4,Humid,,
2521,1999,R165/T08,Eucalyptus tardecidens,Eucalyptus tardecidens,Adnataria,D.Nicolle,"Maitland Downs, Qld",CCA3315,Combination,0.4435,24.18333435,918,0,0,4,1,0,4,Semiarid,,
2521,1999,R165/T10,Eucalyptus tardecidens,Eucalyptus tardecidens,Adnataria,D.Nicolle,"Maitland Downs, Qld",CCA3317,Combination,0.4435,24.18333435,918,0,0,4,1,0,4,Semiarid,,
2521,1999,R165/T11,Eucalyptus tardecidens,Eucalyptus tardecidens,Adnataria,D.Nicolle,"Maitland Downs, Qld",CCA3318,Combination,0.4435,24.18333435,918,0,0,4,1,0,4,Semiarid,,
2512,1999,R165/T28,Eucalyptus brassiana,Eucalyptus brassiana,Exsertaria,D.Nicolle,"Coen, Qld",,Combination,0.5573,25.07500076,1193,2,NA,NA,2.5,NA,NA,DrySubhumid,,
2512,1999,R165/T29,Eucalyptus brassiana,Eucalyptus brassiana,Exsertaria,D.Nicolle,"Coen, Qld",,Combination,0.5573,25.07500076,1193,2,NA,NA,2.5,NA,NA,DrySubhumid,,
2512,1999,R165/T30,Eucalyptus brassiana,Eucalyptus brassiana,Exsertaria,D.Nicolle,"Coen, Qld",,Combination,0.5573,25.07500076,1193,2,NA,NA,2.5,NA,NA,DrySubhumid,,
2520,1999,R165/T32,Eucalyptus staigeriana,Eucalyptus staigeriana,Adnataria,D.Nicolle,"Maitland Downs, Qld",CCA3329,Combination,0.4802,23.82916641,982,0,0,4,0,0,4,Semiarid,,
2520,1999,R165/T33,Eucalyptus staigeriana,Eucalyptus staigeriana,Adnataria,D.Nicolle,"Maitland Downs, Qld",CCA3330,Combination,0.4802,23.82916641,982,0,0,4,0,0,4,Semiarid,,
2520,1999,R165/T34,Eucalyptus staigeriana,Eucalyptus staigeriana,Adnataria,D.Nicolle,"Maitland Downs, Qld",CCA3331,Combination,0.4802,23.82916641,982,0,0,4,0,0,4,Semiarid,,
2506,1999,R166/T01,Eucalyptus sp. Mt Garnet,Eucalyptus moluccana (northern variant),Adnataria,D.Nicolle,"Mt Garnet, Qld",CCA3332,Combination,0.4462,21.47500038,879,0.75,0.957427108,4,1,0.816496581,4,Semiarid,,
2506,1999,R166/T02,Eucalyptus sp. Mt Garnet,Eucalyptus moluccana (northern variant),Adnataria,D.Nicolle,"Mt Garnet, Qld",CCA3333,Combination,0.4462,21.47500038,879,0.75,0.957427108,4,1,0.816496581,4,Semiarid,,
2506,1999,R166/T03,Eucalyptus sp. Mt Garnet,Eucalyptus moluccana (northern variant),Adnataria,D.Nicolle,"Mt Garnet, Qld",CCA3334,Combination,0.4462,21.47500038,879,0.75,0.957427108,4,1,0.816496581,4,Semiarid,,
2508,1999,R166/T06,Eucalyptus shirleyi,Eucalyptus shirleyi,Adnataria,D.Nicolle,"Lappa Junction, Qld",CCA3337,Combination,0.4158,21.94166565,837,0,0,4,0,0,4,Semiarid,,
2508,1999,R166/T07,Eucalyptus shirleyi,Eucalyptus shirleyi,Adnataria,D.Nicolle,"Lappa Junction, Qld",CCA3338,Combination,0.4158,21.94166565,837,0,0,4,0,0,4,Semiarid,,
2508,1999,R166/T08,Eucalyptus shirleyi,Eucalyptus shirleyi,Adnataria,D.Nicolle,"Lappa Junction, Qld",CCA3339,Combination,0.4158,21.94166565,837,0,0,4,0,0,4,Semiarid,,
2545,1999,R166/T17,Eucalyptus decolor,Eucalyptus decolor,Adnataria,D.Nicolle,"Boynedale, Qld",CCA3343,Combination,0.4871,21.26666641,912,0.5,0.577350269,4,0.75,0.957427108,4,Semiarid,,
2545,1999,R166/T19,Eucalyptus decolor,Eucalyptus decolor,Adnataria,D.Nicolle,"Boynedale, Qld",CCA3345,Combination,0.4871,21.26666641,912,0.5,0.577350269,4,0.75,0.957427108,4,Semiarid,,
2545,1999,R166/T20,Eucalyptus decolor,Eucalyptus decolor,Adnataria,D.Nicolle,"Boynedale, Qld",CCA3346,Combination,0.4871,21.26666641,912,0.5,0.577350269,4,0.75,0.957427108,4,Semiarid,,
2533,1999,R170/T05,Eucalyptus quadricostata,Eucalyptus quadricostata,Adnataria,D.Nicolle,"Pentland, Qld",,Combination,0.2719,22.64999962,631,0,NA,NA,0.75,NA,NA,Semiarid,,
2533,1999,R170/T06,Eucalyptus quadricostata,Eucalyptus quadricostata,Adnataria,D.Nicolle,"Pentland, Qld",,Combination,0.2719,22.64999962,631,0,NA,NA,0.75,NA,NA,Semiarid,,
2533,1999,R170/T07,Eucalyptus quadricostata,Eucalyptus quadricostata,Adnataria,D.Nicolle,"Pentland, Qld",,Combination,0.2719,22.64999962,631,0,NA,NA,0.75,NA,NA,Semiarid,,
2553,1999,R174/T13,Eucalyptus camaldulensis subsp. acuta,Eucalyptus camaldulensis subsp. acuta,Exsertaria,D.Nicolle,"Dirranbandi, Qld",CCA3490,Combination,0.2021,20.4375,455,1,0,4,0.5,0.577350269,4,Semiarid,,
2553,1999,R174/T14,Eucalyptus camaldulensis subsp. acuta,Eucalyptus camaldulensis subsp. acuta,Exsertaria,D.Nicolle,"Dirranbandi, Qld",CCA3491,Combination,0.2021,20.4375,455,1,0,4,0.5,0.577350269,4,Semiarid,,
2553,1999,R174/T15,Eucalyptus camaldulensis subsp. acuta,Eucalyptus camaldulensis subsp. acuta,Exsertaria,D.Nicolle,"Dirranbandi, Qld",CCA3492,Combination,0.2021,20.4375,455,1,0,4,0.5,0.577350269,4,Semiarid,,
2553,1999,R174/T16,Eucalyptus camaldulensis subsp. acuta,Eucalyptus camaldulensis subsp. acuta,Exsertaria,D.Nicolle,"Dirranbandi, Qld",CCA3493,Combination,0.2021,20.4375,455,1,0,4,0.5,0.577350269,4,Semiarid,,
2554,1999,R175/T16,Eucalyptus intertexta,Eucalyptus intertexta,Adnataria,D.Nicolle,"Gongolgon, NSW",CCA3519,Combination,0.1816,19.72916603,401,1,0,4,0,0,4,Arid,,
2554,1999,R175/T17,Eucalyptus intertexta,Eucalyptus intertexta,Adnataria,D.Nicolle,"Gongolgon, NSW",CCA3520,Combination,0.1816,19.72916603,401,1,0,4,0,0,4,Arid,,
2554,1999,R175/T18,Eucalyptus intertexta,Eucalyptus intertexta,Adnataria,D.Nicolle,"Gongolgon, NSW",CCA3521,Combination,0.1816,19.72916603,401,1,0,4,0,0,4,Arid,,
1353,1999,R177/T01,Eucalyptus lucens,Eucalyptus lucens,Adnataria,D.Nicolle,"Mt Hermannsburg, NT",CCA3549,Lignotuber,0.1216,20.35416603,327,0,0,3,0,0,3,Arid,,
1353,1999,R177/T02,Eucalyptus lucens,Eucalyptus lucens,Adnataria,D.Nicolle,"Mt Hermannsburg, NT",CCA3550,Lignotuber,0.1216,20.35416603,327,0,0,3,0,0,3,Arid,,
1353,1999,R177/T03,Eucalyptus lucens,Eucalyptus lucens,Adnataria,D.Nicolle,"Mt Hermannsburg, NT",CCA3551,Lignotuber,0.1216,20.35416603,327,0,0,3,0,0,3,Arid,,
2556,1999,R177/T12,Eucalyptus largiflorens,Eucalyptus largiflorens (green-leaf variant),Adnataria,D.Nicolle,"Mulyungarie, SA",CCA3557,Combination,0.0503,19.07916641,131,0,0,4,0,0,4,Arid,,
2556,1999,R177/T13,Eucalyptus largiflorens,Eucalyptus largiflorens (green-leaf variant),Adnataria,D.Nicolle,"Mulyungarie, SA",CCA3558,Combination,0.0503,19.07916641,131,0,0,4,0,0,4,Hyperarid,,
2566,1999,R178/T09,Eucalyptus leucoxylon subsp. pruinosa,Eucalyptus leucoxylon subsp. pruinosa,Adnataria,D.Nicolle,"Wilmington, SA",CCA3572,Combination,0.2187,15.70833302,462,0,0,4,0,0,4,Semiarid,,X
2566,1999,R178/T11,Eucalyptus leucoxylon subsp. pruinosa,Eucalyptus leucoxylon subsp. pruinosa,Adnataria,D.Nicolle,"Wilmington, SA",CCA3573,Combination,0.2187,15.70833302,462,0,0,4,0,0,4,Semiarid,,X
2566,1999,R178/T12,Eucalyptus leucoxylon subsp. pruinosa,Eucalyptus leucoxylon subsp. pruinosa,Adnataria,D.Nicolle,"Wilmington, SA",CCA3574,Combination,0.2187,15.70833302,462,0,0,4,0,0,4,Semiarid,,X
2555,1999,R178/T13,Eucalyptus camaldulensis subsp. arida,Eucalyptus camaldulensis subsp. arida,Exsertaria,D.Nicolle,"Silverton, NSW",CCA3575,Combination,0.0966,18.35833359,238,0,0,4,0,0,4,Arid,,
2555,1999,R178/T14,Eucalyptus camaldulensis subsp. arida,Eucalyptus camaldulensis subsp. arida,Exsertaria,D.Nicolle,"Silverton, NSW",CCA3576,Combination,0.0966,18.35833359,238,0,0,4,0,0,4,Arid,,
2555,1999,R178/T16,Eucalyptus camaldulensis subsp. arida,Eucalyptus camaldulensis subsp. arida,Exsertaria,D.Nicolle,"Silverton, NSW",CCA3578,Combination,0.0966,18.35833359,238,0,0,4,0,0,4,Arid,,
2677,2000,R182/T34,Eucalyptus intertexta,Eucalyptus intertexta,Adnataria,D.Nicolle,"Warburton, WA",CCA3627,Combination,0.0739,21.18333244,224,0,0,4,1,1.732050808,4,Arid,,
2677,2000,R182/T37,Eucalyptus intertexta,Eucalyptus intertexta,Adnataria,D.Nicolle,"Warburton, WA",CCA3629,Combination,0.0739,21.18333244,224,0,0,4,1,1.732050808,4,Arid,,
2957,2000,R185/T28,Eucalyptus coolabah,Eucalyptus coolabah,Adnataria,D.Nicolle,"Wilcannia, NSW",CCA3711,Combination,0.1191,19.43333244,285,0,0,4,0,0,4,Arid,x,
2957,2000,R185/T29,Eucalyptus coolabah,Eucalyptus coolabah,Adnataria,D.Nicolle,"Wilcannia, NSW",CCA3712,Combination,0.1191,19.43333244,285,0,0,4,0,0,4,Arid,,
2957,2000,R185/T30,Eucalyptus coolabah,Eucalyptus coolabah,Adnataria,D.Nicolle,"Wilcannia, NSW",CCA3713,Combination,0.1191,19.43333244,285,0,0,4,0,0,4,Arid,,
2761,2000,R185/T37,Eucalyptus petraea,Eucalyptus petraea,Adnataria,D.Nicolle,"Diemals Station, WA",CCA3719,Lignotuber,0.1069,19.65416718,276,0,0,4,0,0,4,Arid,,
2761,2000,R185/T38,Eucalyptus petraea,Eucalyptus petraea,Adnataria,D.Nicolle,"Diemals Station, WA",CCA3720,Lignotuber,0.1069,19.65416718,276,0,0,4,0,0,4,Arid,,
2761,2000,R185/T39,Eucalyptus petraea,Eucalyptus petraea,Adnataria,D.Nicolle,"Diemals Station, WA",CCA3721,Lignotuber,0.1069,19.65416718,276,0,0,4,0,0,4,Arid,,
2954,2000,R186/T11,Eucalyptus populnea subsp. bimbil,Eucalyptus populnea subsp. bimbil,Adnataria,D.Nicolle,"Nyngan, NSW",CCA3729,Combination,0.2372,18.95000076,508,0.5,0.577350269,4,0.25,0.5,4,Semiarid,,
2954,2000,R186/T12,Eucalyptus populnea subsp. bimbil,Eucalyptus populnea subsp. bimbil,Adnataria,D.Nicolle,"Nyngan, NSW",CCA3730,Combination,0.2372,18.95000076,508,0.5,0.577350269,4,0.25,0.5,4,Semiarid,,
2954,2000,R186/T13,Eucalyptus populnea subsp. bimbil,Eucalyptus populnea subsp. bimbil,Adnataria,D.Nicolle,"Nyngan, NSW",CCA3731,Combination,0.2372,18.95000076,508,0.5,0.577350269,4,0.25,0.5,4,Semiarid,,
2897,2000,R187/T05,Eucalyptus leucoxylon subsp. pruinosa,Eucalyptus leucoxylon subsp. pruinosa,Adnataria,D.Nicolle,"Barham, NSW",CCA3751,Combination,0.2086,15.9333334,382,1.5,0.577350269,4,1.5,0.577350269,4,Semiarid,,X
2897,2000,R187/T06,Eucalyptus leucoxylon subsp. pruinosa,Eucalyptus leucoxylon subsp. pruinosa,Adnataria,D.Nicolle,"Barham, NSW",CCA3752,Combination,0.2086,15.9333334,382,1.5,0.577350269,4,1.5,0.577350269,4,Semiarid,,X
2897,2000,R187/T07,Eucalyptus leucoxylon subsp. pruinosa,Eucalyptus leucoxylon subsp. pruinosa,Adnataria,D.Nicolle,"Barham, NSW",CCA3753,Combination,0.2086,15.9333334,382,1.5,0.577350269,4,1.5,0.577350269,4,Semiarid,,X
2895,2000,R187/T08,Eucalyptus microcarpa,Eucalyptus microcarpa,Adnataria,D.Nicolle,"Boundary Bend, Vic",CCA3754,Combination,0.1757,16.875,348,0,0,4,0.25,0.5,4,Arid,,
2895,2000,R187/T09,Eucalyptus microcarpa,Eucalyptus microcarpa,Adnataria,D.Nicolle,"Boundary Bend, Vic",CCA3755,Combination,0.1757,16.875,348,0,0,4,0.25,0.5,4,Arid,,
2895,2000,R187/T10,Eucalyptus microcarpa,Eucalyptus microcarpa,Adnataria,D.Nicolle,"Boundary Bend, Vic",CCA3756,Combination,0.1757,16.875,348,0,0,4,0.25,0.5,4,Arid,,
2580,2000,R188/T01,Eucalyptus odorata,Eucalyptus odorata (E. silvestris),Adnataria,D.Nicolle,"Serviceton, Vic",CCA3776,Combination,0.2802,14.83333302,463,0,0,4,0,0,4,Semiarid,,
2580,2000,R188/T02,Eucalyptus odorata,Eucalyptus odorata (E. silvestris),Adnataria,D.Nicolle,"Serviceton, Vic",CCA3777,Combination,0.2802,14.83333302,463,0,0,4,0,0,4,Semiarid,,
2580,2000,R188/T03,Eucalyptus odorata,Eucalyptus odorata (E. silvestris),Adnataria,D.Nicolle,"Serviceton, Vic",CCA3778,Combination,0.2802,14.83333302,463,0,0,4,0,0,4,Semiarid,,
2583,2000,R188/T13,Eucalyptus froggattii,Eucalyptus froggattii,Adnataria,D.Nicolle,"Mitre, Vic",CCA3787,Lignotuber,0.2697,14.52499962,452,0,0,4,0.75,0.5,4,Semiarid,,
2583,2000,R188/T14,Eucalyptus froggattii,Eucalyptus froggattii,Adnataria,D.Nicolle,"Mitre, Vic",CCA3788,Lignotuber,0.2697,14.52499962,452,0,0,4,0.75,0.5,4,Semiarid,,
2583,2000,R188/T15,Eucalyptus froggattii,Eucalyptus froggattii,Adnataria,D.Nicolle,"Mitre, Vic",CCA3789,Lignotuber,0.2697,14.52499962,452,0,0,4,0.75,0.5,4,Semiarid,,
2899,2000,R189/T01,Eucalyptus polyanthemos subsp. polyanthemos,Eucalyptus polyanthemos subsp. polyanthemos,Adnataria,D.Nicolle,"Adelong, NSW",CCA3804,Combination,0.4878,14.76666641,814,1,0.816496581,4,1.25,0.5,4,Semiarid,,
2899,2000,R189/T03,Eucalyptus polyanthemos subsp. polyanthemos,Eucalyptus polyanthemos subsp. polyanthemos,Adnataria,D.Nicolle,"Adelong, NSW",CCA3806,Combination,0.4878,14.76666641,814,1,0.816496581,4,1.25,0.5,4,Semiarid,,
2899,2000,R189/T04,Eucalyptus polyanthemos subsp. polyanthemos,Eucalyptus polyanthemos subsp. polyanthemos,Adnataria,D.Nicolle,"Adelong, NSW",CCA3807,Combination,0.4878,14.76666641,814,1,0.816496581,4,1.25,0.5,4,Semiarid,,
2898,2000,R189/T23,Eucalyptus albens,Eucalyptus albens,Adnataria,D.Nicolle,"Wagga Wagga, NSW",CCA3820,Combination,0.3177,15.79166698,565,0,0,4,0,0,4,Semiarid,,
2898,2000,R189/T24,Eucalyptus albens,Eucalyptus albens,Adnataria,D.Nicolle,"Wagga Wagga, NSW",CCA3821,Combination,0.3177,15.79166698,565,0,0,4,0,0,4,Semiarid,x,
2898,2000,R189/T26,Eucalyptus albens,Eucalyptus albens,Adnataria,D.Nicolle,"Wagga Wagga, NSW",CCA3823,Combination,0.3177,15.79166698,565,0,0,4,0,0,4,Semiarid,,
2581,2000,R189/T28,Eucalyptus leucoxylon subsp. stephaniae,Eucalyptus leucoxylon subsp. stephaniae,Adnataria,D.Nicolle,"Little Desert, Vic",CCA3825,Combination,0.261,14.2458334,441,0,0,4,0,0,4,Semiarid,,
2581,2000,R189/T29,Eucalyptus leucoxylon subsp. stephaniae,Eucalyptus leucoxylon subsp. stephaniae,Adnataria,D.Nicolle,"Little Desert, Vic",CCA3826,Combination,0.261,14.2458334,441,0,0,4,0,0,4,Semiarid,,
2585,2000,R190/T17,Eucalyptus leucoxylon subsp. leucoxylon,Eucalyptus leucoxylon subsp. leucoxylon (subsp. connata),Adnataria,D.Nicolle,"Bacchus Marsh, Vic",CCA3841,Combination,0.4136,13.75,597,0,0,4,0,0,4,Semiarid,x,
2585,2000,R190/T18,Eucalyptus leucoxylon subsp. leucoxylon,Eucalyptus leucoxylon subsp. leucoxylon (subsp. connata),Adnataria,D.Nicolle,"Bacchus Marsh, Vic",CCA3842,Combination,0.4136,13.75,597,0,0,4,0,0,4,Semiarid,,
2585,2000,R190/T20,Eucalyptus leucoxylon subsp. leucoxylon,Eucalyptus leucoxylon subsp. leucoxylon (subsp. connata),Adnataria,D.Nicolle,"Bacchus Marsh, Vic",CCA3844,Combination,0.4136,13.75,597,0,0,4,0,0,4,Semiarid,,
2930,2000,R190/T22,Eucalyptus caleyi subsp. ovendenii,Eucalyptus caleyi subsp. ovendenii,Adnataria,D.Nicolle,"Gibraltar Rock, NSW",CCA3845,Combination,0.458,16.21666718,792,0,0,4,0,0,4,Semiarid,,X
2930,2000,R190/T23,Eucalyptus caleyi subsp. ovendenii,Eucalyptus caleyi subsp. ovendenii,Adnataria,D.Nicolle,"Gibraltar Rock, NSW",CCA3846,Combination,0.458,16.21666718,792,0,0,4,0,0,4,Semiarid,,X
2932,2000,R190/T25,Eucalyptus exserta,Eucalyptus exserta,Exsertaria,D.Nicolle,"Inglewood, Qld",,Combination,0.3765,18.09583282,709,0.25,NA,NA,0.25,NA,NA,Semiarid,,
2932,2000,R190/T26,Eucalyptus exserta,Eucalyptus exserta,Exsertaria,D.Nicolle,"Inglewood, Qld",,Combination,0.3765,18.09583282,709,0.25,NA,NA,0.25,NA,NA,Semiarid,,
2932,2000,R190/T27,Eucalyptus exserta,Eucalyptus exserta,Exsertaria,D.Nicolle,"Inglewood, Qld",,Combination,0.3765,18.09583282,709,0.25,NA,NA,0.25,NA,NA,Semiarid,,
2937,2000,R191/T09,Eucalyptus tereticornis subsp. basaltica,Eucalyptus tereticornis subsp. basaltica,Exsertaria,D.Nicolle,"Crows Nest, Qld",,Combination,0.5699,17.32916641,967,0,NA,NA,0.25,NA,NA,DrySubhumid,,
2937,2000,R191/T11,Eucalyptus tereticornis subsp. basaltica,Eucalyptus tereticornis subsp. basaltica,Exsertaria,D.Nicolle,"Crows Nest, Qld",,Combination,0.5699,17.32916641,967,0,NA,NA,0.25,NA,NA,DrySubhumid,,
2937,2000,R191/T12,Eucalyptus tereticornis subsp. basaltica,Eucalyptus tereticornis subsp. basaltica,Exsertaria,D.Nicolle,"Crows Nest, Qld",,Combination,0.5699,17.32916641,967,0,NA,NA,0.25,NA,NA,DrySubhumid,,
2927,2000,R191/T29,Eucalyptus scopulorum,Eucalyptus scopulorum,Adnataria,D.Nicolle,"Peregrine Point, NSW",CCA3872,Combination,0.6759,14.08749962,997,0,0,4,0,0,4,DrySubhumid,,X
2927,2000,R191/T30,Eucalyptus scopulorum,Eucalyptus scopulorum,Adnataria,D.Nicolle,"Peregrine Point, NSW",CCA3873,Combination,0.6759,14.08749962,997,0,0,4,0,0,4,DrySubhumid,,X
2927,2000,R191/T31,Eucalyptus scopulorum,Eucalyptus scopulorum,Adnataria,D.Nicolle,"Peregrine Point, NSW",CCA3874,Combination,0.6759,14.08749962,997,0,0,4,0,0,4,DrySubhumid,,X
2902,2000,R192/T05,Eucalyptus bosistoana,Eucalyptus bosistoana,Adnataria,D.Nicolle,"Nerrigundah, NSW",CCA3877,Combination,0.6612,14.22916698,909,0,0,4,0.5,0.577350269,4,DrySubhumid,,
2902,2000,R192/T07,Eucalyptus bosistoana,Eucalyptus bosistoana,Adnataria,D.Nicolle,"Nerrigundah, NSW",CCA3879,Combination,0.6612,14.22916698,909,0,0,4,0.5,0.577350269,4,DrySubhumid,,
2902,2000,R192/T08,Eucalyptus bosistoana,Eucalyptus bosistoana,Adnataria,D.Nicolle,"Nerrigundah, NSW",CCA3880,Combination,0.6612,14.22916698,909,0,0,4,0.5,0.577350269,4,DrySubhumid,,
2945,2000,R192/T21,Eucalyptus magnificata,Eucalyptus magnificata,Adnataria,D.Nicolle,"Enmore, NSW",CCA3886,Combination,0.5528,13.46666718,836,1,1.154700538,4,0.75,0.5,4,DrySubhumid,,X
2945,2000,R192/T22,Eucalyptus magnificata,Eucalyptus magnificata,Adnataria,D.Nicolle,"Enmore, NSW",CCA3887,Combination,0.5528,13.46666718,836,1,1.154700538,4,0.75,0.5,4,DrySubhumid,x,X
2945,2000,R192/T24,Eucalyptus magnificata,Eucalyptus magnificata,Adnataria,D.Nicolle,"Enmore, NSW",CCA3889,Combination,0.5528,13.46666718,836,1,1.154700538,4,0.75,0.5,4,DrySubhumid,,X
2939,2000,R193/T09,Eucalyptus rubida subsp. barbigerorum,Eucalyptus rubida subsp. barbigerorum,,D.Nicolle,"Glen Innes, NSW",CCA3895,Combination,0.5872,13.41666698,892,3.25,0.957427108,4,2.5,0.707106781,4,DrySubhumid,,X
1245,2000,R194/T13,Eucalyptus rummeryi,Eucalyptus rummeryi,Adnataria,D.Nicolle,"Mallanganee, NSW",CCA3910,Combination,0.6139,18.24166679,1036,1.666666667,NA,3,1,NA,3,DrySubhumid,,
1245,2000,R194/T14,Eucalyptus rummeryi,Eucalyptus rummeryi,Adnataria,D.Nicolle,"Mallanganee, NSW",CCA3911,Combination,0.6139,18.24166679,1036,1.666666667,NA,3,1,NA,3,DrySubhumid,,
2918,2000,R196/T01,Eucalyptus fergusonii subsp. fergusonii,Eucalyptus fergusonii subsp. fergusonii,Adnataria,D.Nicolle,"Karuah, NSW",CCA3925,Combination,0.7635,17.65833282,1213,0.25,0.5,4,0.25,0.5,4,Humid,,
2918,2000,R196/T02,Eucalyptus fergusonii subsp. fergusonii,Eucalyptus fergusonii subsp. fergusonii,Adnataria,D.Nicolle,"Karuah, NSW",CCA3926,Combination,0.7635,17.65833282,1213,0.25,0.5,4,0.25,0.5,4,Humid,,
2918,2000,R196/T03,Eucalyptus fergusonii subsp. fergusonii,Eucalyptus fergusonii subsp. fergusonii,Adnataria,D.Nicolle,"Karuah, NSW",CCA3927,Combination,0.7635,17.65833282,1213,0.25,0.5,4,0.25,0.5,4,Humid,,
2918,2000,R196/T04,Eucalyptus fergusonii subsp. fergusonii,Eucalyptus fergusonii subsp. fergusonii,Adnataria,D.Nicolle,"Karuah, NSW",CCA3928,Combination,0.7635,17.65833282,1213,0.25,0.5,4,0.25,0.5,4,Humid,,
2920,2000,R196/T10,Eucalyptus rudderi,Eucalyptus rudderi,Adnataria,D.Nicolle,"Taree, NSW",CCA3929,Combination,0.7833,17.27499962,1228,1,0,4,1,0,4,Humid,,
2920,2000,R196/T11,Eucalyptus rudderi,Eucalyptus rudderi,Adnataria,D.Nicolle,"Taree, NSW",CCA3930,Combination,0.7833,17.27499962,1228,1,0,4,1,0,4,Humid,,
2920,2000,R196/T12,Eucalyptus rudderi,Eucalyptus rudderi,Adnataria,D.Nicolle,"Taree, NSW",CCA3931,Combination,0.7833,17.27499962,1228,1,0,4,1,0,4,Humid,,
1242,2000,R197/T18,Eucalyptus tetrapleura,Eucalyptus tetrapleura,Adnataria,D.Nicolle,"Wells Crossing, NSW",CCA3942,Combination,0.7566,18.56666565,1243,0.666666667,NA,3,0.333333333,NA,3,Humid,,X
1242,2000,R197/T19,Eucalyptus tetrapleura,Eucalyptus tetrapleura,Adnataria,D.Nicolle,"Wells Crossing, NSW",CCA3943,Combination,0.7566,18.56666565,1243,0.666666667,NA,3,0.333333333,NA,3,Humid,,X
1242,2000,R197/T20,Eucalyptus tetrapleura,Eucalyptus tetrapleura,Adnataria,D.Nicolle,"Wells Crossing, NSW",CCA3944,Combination,0.7566,18.56666565,1243,0.666666667,NA,3,0.333333333,NA,3,Humid,,X
2903,2000,R198/T15,Eucalyptus paniculata,Eucalyptus paniculata,Adnataria,D.Nicolle,"Batemans Bay, NSW",CCA3951,Combination,0.7335,15.90833282,1065,1.666666667,0.577350269,4,1,0,4,DrySubhumid,,
2903,2000,R198/T16,Eucalyptus paniculata,Eucalyptus paniculata,Adnataria,D.Nicolle,"Batemans Bay, NSW",CCA3952,Combination,0.7335,15.90833282,1065,1.666666667,0.577350269,4,1,0,4,DrySubhumid,,
2903,2000,R198/T17,Eucalyptus paniculata,Eucalyptus paniculata,Adnataria,D.Nicolle,"Batemans Bay, NSW",CCA3953,Combination,0.7335,15.90833282,1065,1.666666667,0.577350269,4,1,0,4,DrySubhumid,,
3180,2001,R220/T13,Eucalyptus albopurpurea,Eucalyptus albopurpurea,Adnataria,D.Nicolle,"Sleaford Mere 2, SA",CCA4229,Lignotuber,0.3017,15.75833321,491,0.75,0.5,4,0.5,0.577350269,4,Semiarid,,
3180,2001,R220/T15,Eucalyptus albopurpurea,Eucalyptus albopurpurea,Adnataria,D.Nicolle,"Sleaford Mere 2, SA",CCA4231,Lignotuber,0.3017,15.75833321,491,0.75,0.5,4,0.5,0.577350269,4,Semiarid,,
3180,2001,R220/T16,Eucalyptus albopurpurea,Eucalyptus albopurpurea,Adnataria,D.Nicolle,"Sleaford Mere 2, SA",CCA4232,Lignotuber,0.3017,15.75833321,491,0.75,0.5,4,0.5,0.577350269,4,Semiarid,,
3523,2001,R224/T21,Eucalyptus camaldulensis subsp. arida,Eucalyptus camaldulensis subsp. arida,Exsertaria,D.Nicolle,"Northampton, WA",CCA4363,Combination,0.1773,20.97916603,415,2.5,0.577350269,4,2.25,0.5,4,Arid,,
3523,2001,R224/T22,Eucalyptus camaldulensis subsp. arida,Eucalyptus camaldulensis subsp. arida,Exsertaria,D.Nicolle,"Northampton, WA",CCA4364,Combination,0.1773,20.97916603,415,2.5,0.577350269,4,2.25,0.5,4,Arid,,
3523,2001,R224/T23,Eucalyptus camaldulensis subsp. arida,Eucalyptus camaldulensis subsp. arida,Exsertaria,D.Nicolle,"Northampton, WA",CCA4365,Combination,0.1773,20.97916603,415,2.5,0.577350269,4,2.25,0.5,4,Arid,,
3766,2001,R229/T22,Eucalyptus petraea,Eucalyptus petraea,Adnataria,D.Nicolle,"Coorow, WA",CCA4517,Lignotuber,0.144,19.3125,350,0,0,4,0,0,4,Arid,,
3766,2001,R229/T23,Eucalyptus petraea,Eucalyptus petraea,Adnataria,D.Nicolle,"Coorow, WA",CCA4518,Lignotuber,0.144,19.3125,350,0,0,4,0,0,4,Arid,,
3536,2001,R235/T01,Eucalyptus cuprea,Eucalyptus cuprea,Adnataria,D.Nicolle,"Murchison River, WA",CCA4659,Lignotuber,0.1326,20.89999962,325,0,0,4,0,0,4,Arid,,
3536,2001,R235/T02,Eucalyptus cuprea,Eucalyptus cuprea,Adnataria,D.Nicolle,"Murchison River, WA",CCA4660,Lignotuber,0.1326,20.89999962,325,0,0,4,0,0,4,Arid,,
3536,2001,R235/T04,Eucalyptus cuprea,Eucalyptus cuprea,Adnataria,D.Nicolle,"Murchison River, WA",CCA4662,Lignotuber,0.1326,20.89999962,325,0,0,4,0,0,4,Arid,,
3183,2001,R235/T25,Eucalyptus behriana,Eucalyptus behriana,Adnataria,D.Nicolle,"Edillilie, SA",CCA4679,Lignotuber,0.2803,16.37916565,500,1.5,0.577350269,4,1.5,0.577350269,4,Semiarid,,
3183,2001,R235/T27,Eucalyptus behriana,Eucalyptus behriana,Adnataria,D.Nicolle,"Edillilie, SA",CCA4681,Lignotuber,0.2803,16.37916565,500,1.5,0.577350269,4,1.5,0.577350269,4,Semiarid,,
3183,2001,R235/T28,Eucalyptus behriana,Eucalyptus behriana,Adnataria,D.Nicolle,"Edillilie, SA",CCA4682,Lignotuber,0.2803,16.37916565,500,1.5,0.577350269,4,1.5,0.577350269,4,Semiarid,,
4172,2002,R200/T21,Eucalyptus largiflorens,Eucalyptus largiflorens,Adnataria,,"Cooper Creek, SA",CCA3989,Combination,0.046,21.82917,136,0,0,4,0,0,4,Hyperarid,,
4172,2002,R200/T24,Eucalyptus largiflorens,Eucalyptus largiflorens,Adnataria,,"Cooper Creek, SA",CCA3992,Combination,0.046,21.82917,136,0,0,4,0,0,4,Hyperarid,,
4283,2002,R200/T25,Eucalyptus lucasii,Eucalyptus lucasii,Adnataria,NA,NA,NA,NA,NA,NA,NA,NA,NA,NA,NA,NA,NA,NA,NA,NA
4283,2002,R200/T27,Eucalyptus lucasii,Eucalyptus lucasii,Adnataria,NA,NA,NA,NA,NA,NA,NA,NA,NA,NA,NA,NA,NA,NA,NA,NA
4283,2002,R200/T28,Eucalyptus lucasii,Eucalyptus lucasii,Adnataria,NA,NA,NA,NA,NA,NA,NA,NA,NA,NA,NA,NA,NA,NA,NA,NA
4279,2002,R201/T13,Eucalyptus rowleyi,Eucalyptus rowleyi,Adnataria,D.Nicolle,"Rudall River, WA",,Lignotuber,0.0767,24.8875,248,0,NA,NA,0,NA,NA,Arid,,
4279,2002,R201/T15,Eucalyptus rowleyi,Eucalyptus rowleyi,Adnataria,D.Nicolle,"Rudall River, WA",,Lignotuber,0.0767,24.8875,248,0,NA,NA,0,NA,NA,Arid,,
1191,2002,R201/T21,Eucalyptus aridimontana,Eucalyptus aridomontana,Adnataria,D.Nicolle,"Mt Nameless 1, WA",,Lignotuber,0.1349,22.64166641,397,0,NA,NA,0,NA,NA,Arid,,
4184,2002,R202/T08,Eucalyptus nudicaulis,Eucalyptus nudicaulis,Exsertaria,,"Mt Isa, Qld",CCA4019,Lignotuber,0.1631,24.4,476,0,0,4,0,0,4,Arid,,
4184,2002,R202/T09,Eucalyptus nudicaulis,Eucalyptus nudicaulis,Exsertaria,,"Mt Isa, Qld",CCA4020,Lignotuber,0.1631,24.4,476,0,0,4,0,0,4,Arid,,
4184,2002,R202/T11,Eucalyptus nudicaulis,Eucalyptus nudicaulis,Exsertaria,,"Mt Isa, Qld",CCA4022,Lignotuber,0.1631,24.4,476,0,0,4,0,0,4,Arid,,
4179,2002,R203/T10,Eucalyptus normantonensis,Eucalyptus normantonensis,Adnataria,D.Nicolle,"Dajarra, Qld",CCA4039,Lignotuber,0.1211,24.25833,354,0,0,4,0,0,4,Arid,,
4179,2002,R203/T11,Eucalyptus normantonensis,Eucalyptus normantonensis,Adnataria,D.Nicolle,"Dajarra, Qld",CCA4040,Lignotuber,0.1211,24.25833,354,0,0,4,0,0,4,Arid,,
3796,2002,R207/T20,Eucalyptus blakelyi ,Eucalyptus blakelyi,Exsertaria,,Warby Range Vic,CCA4140,Combination,0.4651,14.44167,747,0,0,4,0,0,4,Semiarid,,
3796,2002,R207/T22,Eucalyptus blakelyi ,Eucalyptus blakelyi,Exsertaria,,Warby Range Vic,CCA4142,Combination,0.4651,14.44167,747,0,0,4,0,0,4,Semiarid,,
3796,2002,R207/T23,Eucalyptus blakelyi ,Eucalyptus blakelyi,Exsertaria,,Warby Range Vic,CCA4143,Combination,0.4651,14.44167,747,0,0,4,0,0,4,Semiarid,,
4231,2002,R244/T20,Eucalyptus camaldulensis subsp. obtusa,Eucalyptus camaldulensis subsp. obtusa,Exsertaria,NA,NA,NA,NA,NA,NA,NA,NA,NA,NA,NA,NA,NA,NA,NA,NA
4231,2002,R244/T21,Eucalyptus camaldulensis subsp. obtusa,Eucalyptus camaldulensis subsp. obtusa,Exsertaria,NA,NA,NA,NA,NA,NA,NA,NA,NA,NA,NA,NA,NA,NA,NA,NA
4231,2002,R244/T22,Eucalyptus camaldulensis subsp. obtusa,Eucalyptus camaldulensis subsp. obtusa,Exsertaria,NA,NA,NA,NA,NA,NA,NA,NA,NA,NA,NA,NA,NA,NA,NA,NA
4258,2002,R245/T10,Eucalyptus camaldulensis subsp. refulgens,Eucalyptus camaldulensis subsp. refulgens,Exsertaria,,"Coongan River, WA",CCA4870,Combination,0.0998,27.53333,312,0,0,4,0.333333333,0.577350269,4,Arid,,
4258,2002,R245/T12,Eucalyptus camaldulensis subsp. refulgens,Eucalyptus camaldulensis subsp. refulgens,Exsertaria,,"Coongan River, WA",CCA4871,Combination,0.0998,27.53333,312,0,0,4,0.333333333,0.577350269,4,Arid,,
5233,2010,R300/T25,Eucalyptus camaldulensis subsp. minima,Eucalyptus camaldulensis subsp. minima,Exsertaria,D.Nicolle,"Yunta, SA",,Combination,0.1081,17.05833,248,0,NA,NA,0.5,NA,NA,Arid,,
5233,2010,R300/T26,Eucalyptus camaldulensis subsp. minima,Eucalyptus camaldulensis subsp. minima,Exsertaria,D.Nicolle,"Yunta, SA",,Combination,0.1081,17.05833,248,0,NA,NA,0.5,NA,NA,Arid,,
5233,2010,R300/T27,Eucalyptus camaldulensis subsp. minima,Eucalyptus camaldulensis subsp. minima,Exsertaria,D.Nicolle,"Yunta, SA",,Combination,0.1081,17.05833,248,0,NA,NA,0.5,NA,NA,Arid,,
4183,2002,R202/T21,Eucalyptus melanophloia subsp. nana,Eucalyptus melanophloia subsp. nana,Adnataria,NA,NA,NA,NA,NA,NA,NA,NA,NA,NA,NA,NA,NA,NA,NA,NA
4183,2002,R202/T22,Eucalyptus melanophloia subsp. nana,Eucalyptus melanophloia subsp. nana,Adnataria,NA,NA,NA,NA,NA,NA,NA,NA,NA,NA,NA,NA,NA,NA,NA,NA
4183,2002,R202/T23,Eucalyptus melanophloia subsp. nana,Eucalyptus melanophloia subsp. nana,Adnataria,NA,NA,NA,NA,NA,NA,NA,NA,NA,NA,NA,NA,NA,NA,NA,NA
4231,2002,R244/T20,Eucalyptus camaldulensis subsp. obtusa,Eucalyptus camaldulensis subsp. obtusa,Exsertaria,NA,NA,NA,NA,NA,NA,NA,NA,NA,NA,NA,NA,NA,NA,NA,NA
4231,2002,R244/T21,Eucalyptus camaldulensis subsp. obtusa,Eucalyptus camaldulensis subsp. obtusa,Exsertaria,NA,NA,NA,NA,NA,NA,NA,NA,NA,NA,NA,NA,NA,NA,NA,NA
4231,2002,R244/T22,Eucalyptus camaldulensis subsp. obtusa,Eucalyptus camaldulensis subsp. obtusa,Exsertaria,NA,NA,NA,NA,NA,NA,NA,NA,NA,NA,NA,NA,NA,NA,NA,NA
